Copyright 1986-2022 Xilinx, Inc. All Rights Reserved.
----------------------------------------------------------------------------------------------------------------------------
| Tool Version : Vivado v.2022.1 (win64) Build 3526262 Mon Apr 18 15:48:16 MDT 2022
| Date         : Mon Sep 14 10:47:32 2026
| Command      : report_timing_summary -max_paths 10 -report_unconstrained -file timing_summary_routed.rpt
| Design       : mlp_bd_wrapper
| Device       : 7z020-clg484
| Speed File   : -1  PRODUCTION 1.12 2019-11-22
----------------------------------------------------------------------------------------------------------------------------

Timing Summary Report

------------------------------------------------------------------------------------------------
| Timer Settings
| --------------
------------------------------------------------------------------------------------------------

  Enable Multi Corner Analysis               :  Yes
  Enable Pessimism Removal                   :  Yes
  Pessimism Removal Resolution               :  Nearest Common Node
  Enable Input Delay Default Clock           :  No
  Enable Preset / Clear Arcs                 :  No
  Disable Flight Delays                      :  No
  Ignore I/O Paths                           :  No
  Timing Early Launch at Borrowing Latches   :  No
  Borrow Time for Max Delay Exceptions       :  Yes
  Merge Timing Exceptions                    :  Yes

  Corner  Analyze    Analyze    
  Name    Max Paths  Min Paths  
  ------  ---------  ---------  
  Slow    Yes        Yes        
  Fast    Yes        Yes        


------------------------------------------------------------------------------------------------
| Report Methodology
| ------------------
------------------------------------------------------------------------------------------------

Rule       Severity  Description                    Violations  
---------  --------  -----------------------------  ----------  
DPIR-1     Warning   Asynchronous driver check      1744        
TIMING-18  Warning   Missing input or output delay  2           

Note: This report is based on the most recent report_methodology run and may not be up-to-date. Run report_methodology on the current design for the latest report.



check_timing report

Table of Contents
-----------------
1. checking no_clock (0)
2. checking constant_clock (0)
3. checking pulse_width_clock (0)
4. checking unconstrained_internal_endpoints (0)
5. checking no_input_delay (2)
6. checking no_output_delay (0)
7. checking multiple_clock (0)
8. checking generated_clocks (0)
9. checking loops (0)
10. checking partial_input_delay (0)
11. checking partial_output_delay (0)
12. checking latch_loops (0)

1. checking no_clock (0)
------------------------
 There are 0 register/latch pins with no clock.


2. checking constant_clock (0)
------------------------------
 There are 0 register/latch pins with constant_clock.


3. checking pulse_width_clock (0)
---------------------------------
 There are 0 register/latch pins which need pulse_width check


4. checking unconstrained_internal_endpoints (0)
------------------------------------------------
 There are 0 pins that are not constrained for maximum delay.

 There are 0 pins that are not constrained for maximum delay due to constant clock.


5. checking no_input_delay (2)
------------------------------
 There are 2 input ports with no input delay specified. (HIGH)

 There are 0 input ports with no input delay but user has a false path constraint.


6. checking no_output_delay (0)
-------------------------------
 There are 0 ports with no output delay specified.

 There are 0 ports with no output delay but user has a false path constraint

 There are 0 ports with no output delay but with a timing clock defined on it or propagating through it


7. checking multiple_clock (0)
------------------------------
 There are 0 register/latch pins with multiple clocks.


8. checking generated_clocks (0)
--------------------------------
 There are 0 generated clocks that are not connected to a clock source.


9. checking loops (0)
---------------------
 There are 0 combinational loops in the design.


10. checking partial_input_delay (0)
------------------------------------
 There are 0 input ports with partial input delay specified.


11. checking partial_output_delay (0)
-------------------------------------
 There are 0 ports with partial output delay specified.


12. checking latch_loops (0)
----------------------------
 There are 0 combinational latch loops in the design through latch input



------------------------------------------------------------------------------------------------
| Design Timing Summary
| ---------------------
------------------------------------------------------------------------------------------------

    WNS(ns)      TNS(ns)  TNS Failing Endpoints  TNS Total Endpoints      WHS(ns)      THS(ns)  THS Failing Endpoints  THS Total Endpoints     WPWS(ns)     TPWS(ns)  TPWS Failing Endpoints  TPWS Total Endpoints  
    -------      -------  ---------------------  -------------------      -------      -------  ---------------------  -------------------     --------     --------  ----------------------  --------------------  
      0.331        0.000                      0                49823        0.015        0.000                      0                49823        4.020        0.000                       0                 23079  


All user specified timing constraints are met.


------------------------------------------------------------------------------------------------
| Clock Summary
| -------------
------------------------------------------------------------------------------------------------

Clock       Waveform(ns)       Period(ns)      Frequency(MHz)
-----       ------------       ----------      --------------
clk_fpga_0  {0.000 5.000}      10.000          100.000         


------------------------------------------------------------------------------------------------
| Intra Clock Table
| -----------------
------------------------------------------------------------------------------------------------

Clock             WNS(ns)      TNS(ns)  TNS Failing Endpoints  TNS Total Endpoints      WHS(ns)      THS(ns)  THS Failing Endpoints  THS Total Endpoints     WPWS(ns)     TPWS(ns)  TPWS Failing Endpoints  TPWS Total Endpoints  
-----             -------      -------  ---------------------  -------------------      -------      -------  ---------------------  -------------------     --------     --------  ----------------------  --------------------  
clk_fpga_0          0.331        0.000                      0                49823        0.015        0.000                      0                49823        4.020        0.000                       0                 23079  


------------------------------------------------------------------------------------------------
| Inter Clock Table
| -----------------
------------------------------------------------------------------------------------------------

From Clock    To Clock          WNS(ns)      TNS(ns)  TNS Failing Endpoints  TNS Total Endpoints      WHS(ns)      THS(ns)  THS Failing Endpoints  THS Total Endpoints  
----------    --------          -------      -------  ---------------------  -------------------      -------      -------  ---------------------  -------------------  


------------------------------------------------------------------------------------------------
| Other Path Groups Table
| -----------------------
------------------------------------------------------------------------------------------------

Path Group    From Clock    To Clock          WNS(ns)      TNS(ns)  TNS Failing Endpoints  TNS Total Endpoints      WHS(ns)      THS(ns)  THS Failing Endpoints  THS Total Endpoints  
----------    ----------    --------          -------      -------  ---------------------  -------------------      -------      -------  ---------------------  -------------------  


------------------------------------------------------------------------------------------------
| User Ignored Path Table
| -----------------------
------------------------------------------------------------------------------------------------

Path Group    From Clock    To Clock    
----------    ----------    --------    
(none)                      clk_fpga_0    


------------------------------------------------------------------------------------------------
| Unconstrained Path Table
| ------------------------
------------------------------------------------------------------------------------------------

Path Group    From Clock    To Clock    
----------    ----------    --------    
(none)                      clk_fpga_0    


------------------------------------------------------------------------------------------------
| Timing Details
| --------------
------------------------------------------------------------------------------------------------


---------------------------------------------------------------------------------------------------
From Clock:  clk_fpga_0
  To Clock:  clk_fpga_0

Setup :            0  Failing Endpoints,  Worst Slack        0.331ns,  Total Violation        0.000ns
Hold  :            0  Failing Endpoints,  Worst Slack        0.015ns,  Total Violation        0.000ns
PW    :            0  Failing Endpoints,  Worst Slack        4.020ns,  Total Violation        0.000ns
---------------------------------------------------------------------------------------------------


Max Delay Paths
--------------------------------------------------------------------------------------
Slack (MET) :             0.331ns  (required time - arrival time)
  Source:                 mlp_bd_i/mlp_axi_wrapper_0/inst/u_mlp_top/u_sequencer/o_PE_DRAIN_reg_rep__45/C
                            (rising edge-triggered cell FDCE clocked by clk_fpga_0  {rise@0.000ns fall@5.000ns period=10.000ns})
  Destination:            mlp_bd_i/mlp_axi_wrapper_0/inst/u_mlp_top/u_systolic/u_pe_arr/g_row[0].g_col[7].u_pe/acc_reg[29]/D
                            (rising edge-triggered cell FDCE clocked by clk_fpga_0  {rise@0.000ns fall@5.000ns period=10.000ns})
  Path Group:             clk_fpga_0
  Path Type:              Setup (Max at Slow Process Corner)
  Requirement:            10.000ns  (clk_fpga_0 rise@10.000ns - clk_fpga_0 rise@0.000ns)
  Data Path Delay:        9.432ns  (logic 2.138ns (22.667%)  route 7.294ns (77.333%))
  Logic Levels:           9  (CARRY4=8 LUT4=1)
  Clock Path Skew:        -0.191ns (DCD - SCD + CPR)
    Destination Clock Delay (DCD):    2.718ns = ( 12.718 - 10.000 ) 
    Source Clock Delay      (SCD):    3.024ns
    Clock Pessimism Removal (CPR):    0.115ns
  Clock Uncertainty:      0.154ns  ((TSJ^2 + TIJ^2)^1/2 + DJ) / 2 + PE
    Total System Jitter     (TSJ):    0.071ns
    Total Input Jitter      (TIJ):    0.300ns
    Discrete Jitter          (DJ):    0.000ns
    Phase Error              (PE):    0.000ns

    Location             Delay type                Incr(ns)  Path(ns)    Netlist Resource(s)
  -------------------------------------------------------------------    -------------------
                         (clock clk_fpga_0 rise edge)
                                                      0.000     0.000 r  
    PS7_X0Y0             PS7                          0.000     0.000 r  mlp_bd_i/processing_system7_0/inst/PS7_i/FCLKCLK[0]
                         net (fo=1, routed)           1.193     1.193    mlp_bd_i/processing_system7_0/inst/FCLK_CLK_unbuffered[0]
    BUFGCTRL_X0Y16       BUFG (Prop_bufg_I_O)         0.101     1.294 r  mlp_bd_i/processing_system7_0/inst/buffer_fclk_clk_0.FCLK_CLK_0_BUFG/O
                         net (fo=23079, routed)       1.730     3.024    mlp_bd_i/mlp_axi_wrapper_0/inst/u_mlp_top/u_sequencer/S_AXI_ACLK
    SLICE_X57Y49         FDCE                                         r  mlp_bd_i/mlp_axi_wrapper_0/inst/u_mlp_top/u_sequencer/o_PE_DRAIN_reg_rep__45/C
  -------------------------------------------------------------------    -------------------
    SLICE_X57Y49         FDCE (Prop_fdce_C_Q)         0.456     3.480 f  mlp_bd_i/mlp_axi_wrapper_0/inst/u_mlp_top/u_sequencer/o_PE_DRAIN_reg_rep__45/Q
                         net (fo=256, routed)         7.294    10.774    mlp_bd_i/mlp_axi_wrapper_0/inst/u_mlp_top/u_systolic/u_pe_arr/g_row[0].g_col[7].u_pe/acc_reg[3]_1
    SLICE_X82Y76         LUT4 (Prop_lut4_I1_O)        0.124    10.898 r  mlp_bd_i/mlp_axi_wrapper_0/inst/u_mlp_top/u_systolic/u_pe_arr/g_row[0].g_col[7].u_pe/acc[3]_i_8__6/O
                         net (fo=1, routed)           0.000    10.898    mlp_bd_i/mlp_axi_wrapper_0/inst/u_mlp_top/u_systolic/u_pe_arr/g_row[0].g_col[7].u_pe/acc[3]_i_8__6_n_0
    SLICE_X82Y76         CARRY4 (Prop_carry4_S[1]_CO[3])
                                                      0.533    11.431 r  mlp_bd_i/mlp_axi_wrapper_0/inst/u_mlp_top/u_systolic/u_pe_arr/g_row[0].g_col[7].u_pe/acc_reg[3]_i_1__6/CO[3]
                         net (fo=1, routed)           0.000    11.431    mlp_bd_i/mlp_axi_wrapper_0/inst/u_mlp_top/u_systolic/u_pe_arr/g_row[0].g_col[7].u_pe/acc_reg[3]_i_1__6_n_0
    SLICE_X82Y77         CARRY4 (Prop_carry4_CI_CO[3])
                                                      0.117    11.548 r  mlp_bd_i/mlp_axi_wrapper_0/inst/u_mlp_top/u_systolic/u_pe_arr/g_row[0].g_col[7].u_pe/acc_reg[7]_i_1__6/CO[3]
                         net (fo=1, routed)           0.000    11.548    mlp_bd_i/mlp_axi_wrapper_0/inst/u_mlp_top/u_systolic/u_pe_arr/g_row[0].g_col[7].u_pe/acc_reg[7]_i_1__6_n_0
    SLICE_X82Y78         CARRY4 (Prop_carry4_CI_CO[3])
                                                      0.117    11.665 r  mlp_bd_i/mlp_axi_wrapper_0/inst/u_mlp_top/u_systolic/u_pe_arr/g_row[0].g_col[7].u_pe/acc_reg[11]_i_1__6/CO[3]
                         net (fo=1, routed)           0.000    11.665    mlp_bd_i/mlp_axi_wrapper_0/inst/u_mlp_top/u_systolic/u_pe_arr/g_row[0].g_col[7].u_pe/acc_reg[11]_i_1__6_n_0
    SLICE_X82Y79         CARRY4 (Prop_carry4_CI_CO[3])
                                                      0.117    11.782 r  mlp_bd_i/mlp_axi_wrapper_0/inst/u_mlp_top/u_systolic/u_pe_arr/g_row[0].g_col[7].u_pe/acc_reg[15]_i_2__3/CO[3]
                         net (fo=1, routed)           0.000    11.782    mlp_bd_i/mlp_axi_wrapper_0/inst/u_mlp_top/u_systolic/u_pe_arr/g_row[0].g_col[7].u_pe/acc_reg[15]_i_2__3_n_0
    SLICE_X82Y80         CARRY4 (Prop_carry4_CI_CO[3])
                                                      0.117    11.899 r  mlp_bd_i/mlp_axi_wrapper_0/inst/u_mlp_top/u_systolic/u_pe_arr/g_row[0].g_col[7].u_pe/acc_reg[19]_i_1__6/CO[3]
                         net (fo=1, routed)           0.000    11.899    mlp_bd_i/mlp_axi_wrapper_0/inst/u_mlp_top/u_systolic/u_pe_arr/g_row[0].g_col[7].u_pe/acc_reg[19]_i_1__6_n_0
    SLICE_X82Y81         CARRY4 (Prop_carry4_CI_CO[3])
                                                      0.117    12.016 r  mlp_bd_i/mlp_axi_wrapper_0/inst/u_mlp_top/u_systolic/u_pe_arr/g_row[0].g_col[7].u_pe/acc_reg[23]_i_1__6/CO[3]
                         net (fo=1, routed)           0.000    12.016    mlp_bd_i/mlp_axi_wrapper_0/inst/u_mlp_top/u_systolic/u_pe_arr/g_row[0].g_col[7].u_pe/acc_reg[23]_i_1__6_n_0
    SLICE_X82Y82         CARRY4 (Prop_carry4_CI_CO[3])
                                                      0.117    12.133 r  mlp_bd_i/mlp_axi_wrapper_0/inst/u_mlp_top/u_systolic/u_pe_arr/g_row[0].g_col[7].u_pe/acc_reg[27]_i_1__6/CO[3]
                         net (fo=1, routed)           0.000    12.133    mlp_bd_i/mlp_axi_wrapper_0/inst/u_mlp_top/u_systolic/u_pe_arr/g_row[0].g_col[7].u_pe/acc_reg[27]_i_1__6_n_0
    SLICE_X82Y83         CARRY4 (Prop_carry4_CI_O[1])
                                                      0.323    12.456 r  mlp_bd_i/mlp_axi_wrapper_0/inst/u_mlp_top/u_systolic/u_pe_arr/g_row[0].g_col[7].u_pe/acc_reg[31]_i_2__3/O[1]
                         net (fo=1, routed)           0.000    12.456    mlp_bd_i/mlp_axi_wrapper_0/inst/u_mlp_top/u_systolic/u_pe_arr/g_row[0].g_col[7].u_pe/acc_reg[31]_i_2__3_n_6
    SLICE_X82Y83         FDCE                                         r  mlp_bd_i/mlp_axi_wrapper_0/inst/u_mlp_top/u_systolic/u_pe_arr/g_row[0].g_col[7].u_pe/acc_reg[29]/D
  -------------------------------------------------------------------    -------------------

                         (clock clk_fpga_0 rise edge)
                                                     10.000    10.000 r  
    PS7_X0Y0             PS7                          0.000    10.000 r  mlp_bd_i/processing_system7_0/inst/PS7_i/FCLKCLK[0]
                         net (fo=1, routed)           1.088    11.088    mlp_bd_i/processing_system7_0/inst/FCLK_CLK_unbuffered[0]
    BUFGCTRL_X0Y16       BUFG (Prop_bufg_I_O)         0.091    11.179 r  mlp_bd_i/processing_system7_0/inst/buffer_fclk_clk_0.FCLK_CLK_0_BUFG/O
                         net (fo=23079, routed)       1.539    12.718    mlp_bd_i/mlp_axi_wrapper_0/inst/u_mlp_top/u_systolic/u_pe_arr/g_row[0].g_col[7].u_pe/S_AXI_ACLK
    SLICE_X82Y83         FDCE                                         r  mlp_bd_i/mlp_axi_wrapper_0/inst/u_mlp_top/u_systolic/u_pe_arr/g_row[0].g_col[7].u_pe/acc_reg[29]/C
                         clock pessimism              0.115    12.833    
                         clock uncertainty           -0.154    12.679    
    SLICE_X82Y83         FDCE (Setup_fdce_C_D)        0.109    12.788    mlp_bd_i/mlp_axi_wrapper_0/inst/u_mlp_top/u_systolic/u_pe_arr/g_row[0].g_col[7].u_pe/acc_reg[29]
  -------------------------------------------------------------------
                         required time                         12.788    
                         arrival time                         -12.456    
  -------------------------------------------------------------------
                         slack                                  0.331    

Slack (MET) :             0.339ns  (required time - arrival time)
  Source:                 mlp_bd_i/mlp_axi_wrapper_0/inst/u_mlp_top/u_sequencer/o_PE_DRAIN_reg_rep__45/C
                            (rising edge-triggered cell FDCE clocked by clk_fpga_0  {rise@0.000ns fall@5.000ns period=10.000ns})
  Destination:            mlp_bd_i/mlp_axi_wrapper_0/inst/u_mlp_top/u_systolic/u_pe_arr/g_row[0].g_col[7].u_pe/acc_reg[31]/D
                            (rising edge-triggered cell FDCE clocked by clk_fpga_0  {rise@0.000ns fall@5.000ns period=10.000ns})
  Path Group:             clk_fpga_0
  Path Type:              Setup (Max at Slow Process Corner)
  Requirement:            10.000ns  (clk_fpga_0 rise@10.000ns - clk_fpga_0 rise@0.000ns)
  Data Path Delay:        9.424ns  (logic 2.130ns (22.601%)  route 7.294ns (77.399%))
  Logic Levels:           9  (CARRY4=8 LUT4=1)
  Clock Path Skew:        -0.191ns (DCD - SCD + CPR)
    Destination Clock Delay (DCD):    2.718ns = ( 12.718 - 10.000 ) 
    Source Clock Delay      (SCD):    3.024ns
    Clock Pessimism Removal (CPR):    0.115ns
  Clock Uncertainty:      0.154ns  ((TSJ^2 + TIJ^2)^1/2 + DJ) / 2 + PE
    Total System Jitter     (TSJ):    0.071ns
    Total Input Jitter      (TIJ):    0.300ns
    Discrete Jitter          (DJ):    0.000ns
    Phase Error              (PE):    0.000ns

    Location             Delay type                Incr(ns)  Path(ns)    Netlist Resource(s)
  -------------------------------------------------------------------    -------------------
                         (clock clk_fpga_0 rise edge)
                                                      0.000     0.000 r  
    PS7_X0Y0             PS7                          0.000     0.000 r  mlp_bd_i/processing_system7_0/inst/PS7_i/FCLKCLK[0]
                         net (fo=1, routed)           1.193     1.193    mlp_bd_i/processing_system7_0/inst/FCLK_CLK_unbuffered[0]
    BUFGCTRL_X0Y16       BUFG (Prop_bufg_I_O)         0.101     1.294 r  mlp_bd_i/processing_system7_0/inst/buffer_fclk_clk_0.FCLK_CLK_0_BUFG/O
                         net (fo=23079, routed)       1.730     3.024    mlp_bd_i/mlp_axi_wrapper_0/inst/u_mlp_top/u_sequencer/S_AXI_ACLK
    SLICE_X57Y49         FDCE                                         r  mlp_bd_i/mlp_axi_wrapper_0/inst/u_mlp_top/u_sequencer/o_PE_DRAIN_reg_rep__45/C
  -------------------------------------------------------------------    -------------------
    SLICE_X57Y49         FDCE (Prop_fdce_C_Q)         0.456     3.480 f  mlp_bd_i/mlp_axi_wrapper_0/inst/u_mlp_top/u_sequencer/o_PE_DRAIN_reg_rep__45/Q
                         net (fo=256, routed)         7.294    10.774    mlp_bd_i/mlp_axi_wrapper_0/inst/u_mlp_top/u_systolic/u_pe_arr/g_row[0].g_col[7].u_pe/acc_reg[3]_1
    SLICE_X82Y76         LUT4 (Prop_lut4_I1_O)        0.124    10.898 r  mlp_bd_i/mlp_axi_wrapper_0/inst/u_mlp_top/u_systolic/u_pe_arr/g_row[0].g_col[7].u_pe/acc[3]_i_8__6/O
                         net (fo=1, routed)           0.000    10.898    mlp_bd_i/mlp_axi_wrapper_0/inst/u_mlp_top/u_systolic/u_pe_arr/g_row[0].g_col[7].u_pe/acc[3]_i_8__6_n_0
    SLICE_X82Y76         CARRY4 (Prop_carry4_S[1]_CO[3])
                                                      0.533    11.431 r  mlp_bd_i/mlp_axi_wrapper_0/inst/u_mlp_top/u_systolic/u_pe_arr/g_row[0].g_col[7].u_pe/acc_reg[3]_i_1__6/CO[3]
                         net (fo=1, routed)           0.000    11.431    mlp_bd_i/mlp_axi_wrapper_0/inst/u_mlp_top/u_systolic/u_pe_arr/g_row[0].g_col[7].u_pe/acc_reg[3]_i_1__6_n_0
    SLICE_X82Y77         CARRY4 (Prop_carry4_CI_CO[3])
                                                      0.117    11.548 r  mlp_bd_i/mlp_axi_wrapper_0/inst/u_mlp_top/u_systolic/u_pe_arr/g_row[0].g_col[7].u_pe/acc_reg[7]_i_1__6/CO[3]
                         net (fo=1, routed)           0.000    11.548    mlp_bd_i/mlp_axi_wrapper_0/inst/u_mlp_top/u_systolic/u_pe_arr/g_row[0].g_col[7].u_pe/acc_reg[7]_i_1__6_n_0
    SLICE_X82Y78         CARRY4 (Prop_carry4_CI_CO[3])
                                                      0.117    11.665 r  mlp_bd_i/mlp_axi_wrapper_0/inst/u_mlp_top/u_systolic/u_pe_arr/g_row[0].g_col[7].u_pe/acc_reg[11]_i_1__6/CO[3]
                         net (fo=1, routed)           0.000    11.665    mlp_bd_i/mlp_axi_wrapper_0/inst/u_mlp_top/u_systolic/u_pe_arr/g_row[0].g_col[7].u_pe/acc_reg[11]_i_1__6_n_0
    SLICE_X82Y79         CARRY4 (Prop_carry4_CI_CO[3])
                                                      0.117    11.782 r  mlp_bd_i/mlp_axi_wrapper_0/inst/u_mlp_top/u_systolic/u_pe_arr/g_row[0].g_col[7].u_pe/acc_reg[15]_i_2__3/CO[3]
                         net (fo=1, routed)           0.000    11.782    mlp_bd_i/mlp_axi_wrapper_0/inst/u_mlp_top/u_systolic/u_pe_arr/g_row[0].g_col[7].u_pe/acc_reg[15]_i_2__3_n_0
    SLICE_X82Y80         CARRY4 (Prop_carry4_CI_CO[3])
                                                      0.117    11.899 r  mlp_bd_i/mlp_axi_wrapper_0/inst/u_mlp_top/u_systolic/u_pe_arr/g_row[0].g_col[7].u_pe/acc_reg[19]_i_1__6/CO[3]
                         net (fo=1, routed)           0.000    11.899    mlp_bd_i/mlp_axi_wrapper_0/inst/u_mlp_top/u_systolic/u_pe_arr/g_row[0].g_col[7].u_pe/acc_reg[19]_i_1__6_n_0
    SLICE_X82Y81         CARRY4 (Prop_carry4_CI_CO[3])
                                                      0.117    12.016 r  mlp_bd_i/mlp_axi_wrapper_0/inst/u_mlp_top/u_systolic/u_pe_arr/g_row[0].g_col[7].u_pe/acc_reg[23]_i_1__6/CO[3]
                         net (fo=1, routed)           0.000    12.016    mlp_bd_i/mlp_axi_wrapper_0/inst/u_mlp_top/u_systolic/u_pe_arr/g_row[0].g_col[7].u_pe/acc_reg[23]_i_1__6_n_0
    SLICE_X82Y82         CARRY4 (Prop_carry4_CI_CO[3])
                                                      0.117    12.133 r  mlp_bd_i/mlp_axi_wrapper_0/inst/u_mlp_top/u_systolic/u_pe_arr/g_row[0].g_col[7].u_pe/acc_reg[27]_i_1__6/CO[3]
                         net (fo=1, routed)           0.000    12.133    mlp_bd_i/mlp_axi_wrapper_0/inst/u_mlp_top/u_systolic/u_pe_arr/g_row[0].g_col[7].u_pe/acc_reg[27]_i_1__6_n_0
    SLICE_X82Y83         CARRY4 (Prop_carry4_CI_O[3])
                                                      0.315    12.448 r  mlp_bd_i/mlp_axi_wrapper_0/inst/u_mlp_top/u_systolic/u_pe_arr/g_row[0].g_col[7].u_pe/acc_reg[31]_i_2__3/O[3]
                         net (fo=1, routed)           0.000    12.448    mlp_bd_i/mlp_axi_wrapper_0/inst/u_mlp_top/u_systolic/u_pe_arr/g_row[0].g_col[7].u_pe/acc_reg[31]_i_2__3_n_4
    SLICE_X82Y83         FDCE                                         r  mlp_bd_i/mlp_axi_wrapper_0/inst/u_mlp_top/u_systolic/u_pe_arr/g_row[0].g_col[7].u_pe/acc_reg[31]/D
  -------------------------------------------------------------------    -------------------

                         (clock clk_fpga_0 rise edge)
                                                     10.000    10.000 r  
    PS7_X0Y0             PS7                          0.000    10.000 r  mlp_bd_i/processing_system7_0/inst/PS7_i/FCLKCLK[0]
                         net (fo=1, routed)           1.088    11.088    mlp_bd_i/processing_system7_0/inst/FCLK_CLK_unbuffered[0]
    BUFGCTRL_X0Y16       BUFG (Prop_bufg_I_O)         0.091    11.179 r  mlp_bd_i/processing_system7_0/inst/buffer_fclk_clk_0.FCLK_CLK_0_BUFG/O
                         net (fo=23079, routed)       1.539    12.718    mlp_bd_i/mlp_axi_wrapper_0/inst/u_mlp_top/u_systolic/u_pe_arr/g_row[0].g_col[7].u_pe/S_AXI_ACLK
    SLICE_X82Y83         FDCE                                         r  mlp_bd_i/mlp_axi_wrapper_0/inst/u_mlp_top/u_systolic/u_pe_arr/g_row[0].g_col[7].u_pe/acc_reg[31]/C
                         clock pessimism              0.115    12.833    
                         clock uncertainty           -0.154    12.679    
    SLICE_X82Y83         FDCE (Setup_fdce_C_D)        0.109    12.788    mlp_bd_i/mlp_axi_wrapper_0/inst/u_mlp_top/u_systolic/u_pe_arr/g_row[0].g_col[7].u_pe/acc_reg[31]
  -------------------------------------------------------------------
                         required time                         12.788    
                         arrival time                         -12.448    
  -------------------------------------------------------------------
                         slack                                  0.339    

Slack (MET) :             0.415ns  (required time - arrival time)
  Source:                 mlp_bd_i/mlp_axi_wrapper_0/inst/u_mlp_top/u_sequencer/o_PE_DRAIN_reg_rep__45/C
                            (rising edge-triggered cell FDCE clocked by clk_fpga_0  {rise@0.000ns fall@5.000ns period=10.000ns})
  Destination:            mlp_bd_i/mlp_axi_wrapper_0/inst/u_mlp_top/u_systolic/u_pe_arr/g_row[0].g_col[7].u_pe/acc_reg[30]/D
                            (rising edge-triggered cell FDCE clocked by clk_fpga_0  {rise@0.000ns fall@5.000ns period=10.000ns})
  Path Group:             clk_fpga_0
  Path Type:              Setup (Max at Slow Process Corner)
  Requirement:            10.000ns  (clk_fpga_0 rise@10.000ns - clk_fpga_0 rise@0.000ns)
  Data Path Delay:        9.348ns  (logic 2.054ns (21.972%)  route 7.294ns (78.028%))
  Logic Levels:           9  (CARRY4=8 LUT4=1)
  Clock Path Skew:        -0.191ns (DCD - SCD + CPR)
    Destination Clock Delay (DCD):    2.718ns = ( 12.718 - 10.000 ) 
    Source Clock Delay      (SCD):    3.024ns
    Clock Pessimism Removal (CPR):    0.115ns
  Clock Uncertainty:      0.154ns  ((TSJ^2 + TIJ^2)^1/2 + DJ) / 2 + PE
    Total System Jitter     (TSJ):    0.071ns
    Total Input Jitter      (TIJ):    0.300ns
    Discrete Jitter          (DJ):    0.000ns
    Phase Error              (PE):    0.000ns

    Location             Delay type                Incr(ns)  Path(ns)    Netlist Resource(s)
  -------------------------------------------------------------------    -------------------
                         (clock clk_fpga_0 rise edge)
                                                      0.000     0.000 r  
    PS7_X0Y0             PS7                          0.000     0.000 r  mlp_bd_i/processing_system7_0/inst/PS7_i/FCLKCLK[0]
                         net (fo=1, routed)           1.193     1.193    mlp_bd_i/processing_system7_0/inst/FCLK_CLK_unbuffered[0]
    BUFGCTRL_X0Y16       BUFG (Prop_bufg_I_O)         0.101     1.294 r  mlp_bd_i/processing_system7_0/inst/buffer_fclk_clk_0.FCLK_CLK_0_BUFG/O
                         net (fo=23079, routed)       1.730     3.024    mlp_bd_i/mlp_axi_wrapper_0/inst/u_mlp_top/u_sequencer/S_AXI_ACLK
    SLICE_X57Y49         FDCE                                         r  mlp_bd_i/mlp_axi_wrapper_0/inst/u_mlp_top/u_sequencer/o_PE_DRAIN_reg_rep__45/C
  -------------------------------------------------------------------    -------------------
    SLICE_X57Y49         FDCE (Prop_fdce_C_Q)         0.456     3.480 f  mlp_bd_i/mlp_axi_wrapper_0/inst/u_mlp_top/u_sequencer/o_PE_DRAIN_reg_rep__45/Q
                         net (fo=256, routed)         7.294    10.774    mlp_bd_i/mlp_axi_wrapper_0/inst/u_mlp_top/u_systolic/u_pe_arr/g_row[0].g_col[7].u_pe/acc_reg[3]_1
    SLICE_X82Y76         LUT4 (Prop_lut4_I1_O)        0.124    10.898 r  mlp_bd_i/mlp_axi_wrapper_0/inst/u_mlp_top/u_systolic/u_pe_arr/g_row[0].g_col[7].u_pe/acc[3]_i_8__6/O
                         net (fo=1, routed)           0.000    10.898    mlp_bd_i/mlp_axi_wrapper_0/inst/u_mlp_top/u_systolic/u_pe_arr/g_row[0].g_col[7].u_pe/acc[3]_i_8__6_n_0
    SLICE_X82Y76         CARRY4 (Prop_carry4_S[1]_CO[3])
                                                      0.533    11.431 r  mlp_bd_i/mlp_axi_wrapper_0/inst/u_mlp_top/u_systolic/u_pe_arr/g_row[0].g_col[7].u_pe/acc_reg[3]_i_1__6/CO[3]
                         net (fo=1, routed)           0.000    11.431    mlp_bd_i/mlp_axi_wrapper_0/inst/u_mlp_top/u_systolic/u_pe_arr/g_row[0].g_col[7].u_pe/acc_reg[3]_i_1__6_n_0
    SLICE_X82Y77         CARRY4 (Prop_carry4_CI_CO[3])
                                                      0.117    11.548 r  mlp_bd_i/mlp_axi_wrapper_0/inst/u_mlp_top/u_systolic/u_pe_arr/g_row[0].g_col[7].u_pe/acc_reg[7]_i_1__6/CO[3]
                         net (fo=1, routed)           0.000    11.548    mlp_bd_i/mlp_axi_wrapper_0/inst/u_mlp_top/u_systolic/u_pe_arr/g_row[0].g_col[7].u_pe/acc_reg[7]_i_1__6_n_0
    SLICE_X82Y78         CARRY4 (Prop_carry4_CI_CO[3])
                                                      0.117    11.665 r  mlp_bd_i/mlp_axi_wrapper_0/inst/u_mlp_top/u_systolic/u_pe_arr/g_row[0].g_col[7].u_pe/acc_reg[11]_i_1__6/CO[3]
                         net (fo=1, routed)           0.000    11.665    mlp_bd_i/mlp_axi_wrapper_0/inst/u_mlp_top/u_systolic/u_pe_arr/g_row[0].g_col[7].u_pe/acc_reg[11]_i_1__6_n_0
    SLICE_X82Y79         CARRY4 (Prop_carry4_CI_CO[3])
                                                      0.117    11.782 r  mlp_bd_i/mlp_axi_wrapper_0/inst/u_mlp_top/u_systolic/u_pe_arr/g_row[0].g_col[7].u_pe/acc_reg[15]_i_2__3/CO[3]
                         net (fo=1, routed)           0.000    11.782    mlp_bd_i/mlp_axi_wrapper_0/inst/u_mlp_top/u_systolic/u_pe_arr/g_row[0].g_col[7].u_pe/acc_reg[15]_i_2__3_n_0
    SLICE_X82Y80         CARRY4 (Prop_carry4_CI_CO[3])
                                                      0.117    11.899 r  mlp_bd_i/mlp_axi_wrapper_0/inst/u_mlp_top/u_systolic/u_pe_arr/g_row[0].g_col[7].u_pe/acc_reg[19]_i_1__6/CO[3]
                         net (fo=1, routed)           0.000    11.899    mlp_bd_i/mlp_axi_wrapper_0/inst/u_mlp_top/u_systolic/u_pe_arr/g_row[0].g_col[7].u_pe/acc_reg[19]_i_1__6_n_0
    SLICE_X82Y81         CARRY4 (Prop_carry4_CI_CO[3])
                                                      0.117    12.016 r  mlp_bd_i/mlp_axi_wrapper_0/inst/u_mlp_top/u_systolic/u_pe_arr/g_row[0].g_col[7].u_pe/acc_reg[23]_i_1__6/CO[3]
                         net (fo=1, routed)           0.000    12.016    mlp_bd_i/mlp_axi_wrapper_0/inst/u_mlp_top/u_systolic/u_pe_arr/g_row[0].g_col[7].u_pe/acc_reg[23]_i_1__6_n_0
    SLICE_X82Y82         CARRY4 (Prop_carry4_CI_CO[3])
                                                      0.117    12.133 r  mlp_bd_i/mlp_axi_wrapper_0/inst/u_mlp_top/u_systolic/u_pe_arr/g_row[0].g_col[7].u_pe/acc_reg[27]_i_1__6/CO[3]
                         net (fo=1, routed)           0.000    12.133    mlp_bd_i/mlp_axi_wrapper_0/inst/u_mlp_top/u_systolic/u_pe_arr/g_row[0].g_col[7].u_pe/acc_reg[27]_i_1__6_n_0
    SLICE_X82Y83         CARRY4 (Prop_carry4_CI_O[2])
                                                      0.239    12.372 r  mlp_bd_i/mlp_axi_wrapper_0/inst/u_mlp_top/u_systolic/u_pe_arr/g_row[0].g_col[7].u_pe/acc_reg[31]_i_2__3/O[2]
                         net (fo=1, routed)           0.000    12.372    mlp_bd_i/mlp_axi_wrapper_0/inst/u_mlp_top/u_systolic/u_pe_arr/g_row[0].g_col[7].u_pe/acc_reg[31]_i_2__3_n_5
    SLICE_X82Y83         FDCE                                         r  mlp_bd_i/mlp_axi_wrapper_0/inst/u_mlp_top/u_systolic/u_pe_arr/g_row[0].g_col[7].u_pe/acc_reg[30]/D
  -------------------------------------------------------------------    -------------------

                         (clock clk_fpga_0 rise edge)
                                                     10.000    10.000 r  
    PS7_X0Y0             PS7                          0.000    10.000 r  mlp_bd_i/processing_system7_0/inst/PS7_i/FCLKCLK[0]
                         net (fo=1, routed)           1.088    11.088    mlp_bd_i/processing_system7_0/inst/FCLK_CLK_unbuffered[0]
    BUFGCTRL_X0Y16       BUFG (Prop_bufg_I_O)         0.091    11.179 r  mlp_bd_i/processing_system7_0/inst/buffer_fclk_clk_0.FCLK_CLK_0_BUFG/O
                         net (fo=23079, routed)       1.539    12.718    mlp_bd_i/mlp_axi_wrapper_0/inst/u_mlp_top/u_systolic/u_pe_arr/g_row[0].g_col[7].u_pe/S_AXI_ACLK
    SLICE_X82Y83         FDCE                                         r  mlp_bd_i/mlp_axi_wrapper_0/inst/u_mlp_top/u_systolic/u_pe_arr/g_row[0].g_col[7].u_pe/acc_reg[30]/C
                         clock pessimism              0.115    12.833    
                         clock uncertainty           -0.154    12.679    
    SLICE_X82Y83         FDCE (Setup_fdce_C_D)        0.109    12.788    mlp_bd_i/mlp_axi_wrapper_0/inst/u_mlp_top/u_systolic/u_pe_arr/g_row[0].g_col[7].u_pe/acc_reg[30]
  -------------------------------------------------------------------
                         required time                         12.788    
                         arrival time                         -12.372    
  -------------------------------------------------------------------
                         slack                                  0.415    

Slack (MET) :             0.416ns  (required time - arrival time)
  Source:                 mlp_bd_i/mlp_axi_wrapper_0/inst/u_mlp_top/u_sequencer/u_skewer/pe_clear_reg_rep__27/C
                            (rising edge-triggered cell FDCE clocked by clk_fpga_0  {rise@0.000ns fall@5.000ns period=10.000ns})
  Destination:            mlp_bd_i/mlp_axi_wrapper_0/inst/u_mlp_top/u_systolic/u_pe_arr/g_row[4].g_col[5].u_pe/acc_reg[29]/D
                            (rising edge-triggered cell FDCE clocked by clk_fpga_0  {rise@0.000ns fall@5.000ns period=10.000ns})
  Path Group:             clk_fpga_0
  Path Type:              Setup (Max at Slow Process Corner)
  Requirement:            10.000ns  (clk_fpga_0 rise@10.000ns - clk_fpga_0 rise@0.000ns)
  Data Path Delay:        9.445ns  (logic 2.148ns (22.742%)  route 7.297ns (77.258%))
  Logic Levels:           9  (CARRY4=8 LUT5=1)
  Clock Path Skew:        -0.047ns (DCD - SCD + CPR)
    Destination Clock Delay (DCD):    2.830ns = ( 12.830 - 10.000 ) 
    Source Clock Delay      (SCD):    3.006ns
    Clock Pessimism Removal (CPR):    0.129ns
  Clock Uncertainty:      0.154ns  ((TSJ^2 + TIJ^2)^1/2 + DJ) / 2 + PE
    Total System Jitter     (TSJ):    0.071ns
    Total Input Jitter      (TIJ):    0.300ns
    Discrete Jitter          (DJ):    0.000ns
    Phase Error              (PE):    0.000ns

    Location             Delay type                Incr(ns)  Path(ns)    Netlist Resource(s)
  -------------------------------------------------------------------    -------------------
                         (clock clk_fpga_0 rise edge)
                                                      0.000     0.000 r  
    PS7_X0Y0             PS7                          0.000     0.000 r  mlp_bd_i/processing_system7_0/inst/PS7_i/FCLKCLK[0]
                         net (fo=1, routed)           1.193     1.193    mlp_bd_i/processing_system7_0/inst/FCLK_CLK_unbuffered[0]
    BUFGCTRL_X0Y16       BUFG (Prop_bufg_I_O)         0.101     1.294 r  mlp_bd_i/processing_system7_0/inst/buffer_fclk_clk_0.FCLK_CLK_0_BUFG/O
                         net (fo=23079, routed)       1.712     3.006    mlp_bd_i/mlp_axi_wrapper_0/inst/u_mlp_top/u_sequencer/u_skewer/S_AXI_ACLK
    SLICE_X67Y61         FDCE                                         r  mlp_bd_i/mlp_axi_wrapper_0/inst/u_mlp_top/u_sequencer/u_skewer/pe_clear_reg_rep__27/C
  -------------------------------------------------------------------    -------------------
    SLICE_X67Y61         FDCE (Prop_fdce_C_Q)         0.456     3.462 r  mlp_bd_i/mlp_axi_wrapper_0/inst/u_mlp_top/u_sequencer/u_skewer/pe_clear_reg_rep__27/Q
                         net (fo=256, routed)         7.297    10.759    mlp_bd_i/mlp_axi_wrapper_0/inst/u_mlp_top/u_systolic/u_pe_arr/g_row[4].g_col[5].u_pe/acc_reg[3]_1
    SLICE_X43Y102        LUT5 (Prop_lut5_I1_O)        0.124    10.883 r  mlp_bd_i/mlp_axi_wrapper_0/inst/u_mlp_top/u_systolic/u_pe_arr/g_row[4].g_col[5].u_pe/acc[3]_i_8__68/O
                         net (fo=1, routed)           0.000    10.883    mlp_bd_i/mlp_axi_wrapper_0/inst/u_mlp_top/u_systolic/u_pe_arr/g_row[4].g_col[5].u_pe/acc[3]_i_8__68_n_0
    SLICE_X43Y102        CARRY4 (Prop_carry4_S[1]_CO[3])
                                                      0.550    11.433 r  mlp_bd_i/mlp_axi_wrapper_0/inst/u_mlp_top/u_systolic/u_pe_arr/g_row[4].g_col[5].u_pe/acc_reg[3]_i_1__68/CO[3]
                         net (fo=1, routed)           0.000    11.433    mlp_bd_i/mlp_axi_wrapper_0/inst/u_mlp_top/u_systolic/u_pe_arr/g_row[4].g_col[5].u_pe/acc_reg[3]_i_1__68_n_0
    SLICE_X43Y103        CARRY4 (Prop_carry4_CI_CO[3])
                                                      0.114    11.547 r  mlp_bd_i/mlp_axi_wrapper_0/inst/u_mlp_top/u_systolic/u_pe_arr/g_row[4].g_col[5].u_pe/acc_reg[7]_i_1__68/CO[3]
                         net (fo=1, routed)           0.000    11.547    mlp_bd_i/mlp_axi_wrapper_0/inst/u_mlp_top/u_systolic/u_pe_arr/g_row[4].g_col[5].u_pe/acc_reg[7]_i_1__68_n_0
    SLICE_X43Y104        CARRY4 (Prop_carry4_CI_CO[3])
                                                      0.114    11.661 r  mlp_bd_i/mlp_axi_wrapper_0/inst/u_mlp_top/u_systolic/u_pe_arr/g_row[4].g_col[5].u_pe/acc_reg[11]_i_1__68/CO[3]
                         net (fo=1, routed)           0.000    11.661    mlp_bd_i/mlp_axi_wrapper_0/inst/u_mlp_top/u_systolic/u_pe_arr/g_row[4].g_col[5].u_pe/acc_reg[11]_i_1__68_n_0
    SLICE_X43Y105        CARRY4 (Prop_carry4_CI_CO[3])
                                                      0.114    11.775 r  mlp_bd_i/mlp_axi_wrapper_0/inst/u_mlp_top/u_systolic/u_pe_arr/g_row[4].g_col[5].u_pe/acc_reg[15]_i_1__61/CO[3]
                         net (fo=1, routed)           0.000    11.775    mlp_bd_i/mlp_axi_wrapper_0/inst/u_mlp_top/u_systolic/u_pe_arr/g_row[4].g_col[5].u_pe/acc_reg[15]_i_1__61_n_0
    SLICE_X43Y106        CARRY4 (Prop_carry4_CI_CO[3])
                                                      0.114    11.889 r  mlp_bd_i/mlp_axi_wrapper_0/inst/u_mlp_top/u_systolic/u_pe_arr/g_row[4].g_col[5].u_pe/acc_reg[19]_i_1__68/CO[3]
                         net (fo=1, routed)           0.000    11.889    mlp_bd_i/mlp_axi_wrapper_0/inst/u_mlp_top/u_systolic/u_pe_arr/g_row[4].g_col[5].u_pe/acc_reg[19]_i_1__68_n_0
    SLICE_X43Y107        CARRY4 (Prop_carry4_CI_CO[3])
                                                      0.114    12.003 r  mlp_bd_i/mlp_axi_wrapper_0/inst/u_mlp_top/u_systolic/u_pe_arr/g_row[4].g_col[5].u_pe/acc_reg[23]_i_1__68/CO[3]
                         net (fo=1, routed)           0.000    12.003    mlp_bd_i/mlp_axi_wrapper_0/inst/u_mlp_top/u_systolic/u_pe_arr/g_row[4].g_col[5].u_pe/acc_reg[23]_i_1__68_n_0
    SLICE_X43Y108        CARRY4 (Prop_carry4_CI_CO[3])
                                                      0.114    12.117 r  mlp_bd_i/mlp_axi_wrapper_0/inst/u_mlp_top/u_systolic/u_pe_arr/g_row[4].g_col[5].u_pe/acc_reg[27]_i_1__68/CO[3]
                         net (fo=1, routed)           0.000    12.117    mlp_bd_i/mlp_axi_wrapper_0/inst/u_mlp_top/u_systolic/u_pe_arr/g_row[4].g_col[5].u_pe/acc_reg[27]_i_1__68_n_0
    SLICE_X43Y109        CARRY4 (Prop_carry4_CI_O[1])
                                                      0.334    12.451 r  mlp_bd_i/mlp_axi_wrapper_0/inst/u_mlp_top/u_systolic/u_pe_arr/g_row[4].g_col[5].u_pe/acc_reg[31]_i_1__61/O[1]
                         net (fo=1, routed)           0.000    12.451    mlp_bd_i/mlp_axi_wrapper_0/inst/u_mlp_top/u_systolic/u_pe_arr/g_row[4].g_col[5].u_pe/acc_reg[31]_i_1__61_n_6
    SLICE_X43Y109        FDCE                                         r  mlp_bd_i/mlp_axi_wrapper_0/inst/u_mlp_top/u_systolic/u_pe_arr/g_row[4].g_col[5].u_pe/acc_reg[29]/D
  -------------------------------------------------------------------    -------------------

                         (clock clk_fpga_0 rise edge)
                                                     10.000    10.000 r  
    PS7_X0Y0             PS7                          0.000    10.000 r  mlp_bd_i/processing_system7_0/inst/PS7_i/FCLKCLK[0]
                         net (fo=1, routed)           1.088    11.088    mlp_bd_i/processing_system7_0/inst/FCLK_CLK_unbuffered[0]
    BUFGCTRL_X0Y16       BUFG (Prop_bufg_I_O)         0.091    11.179 r  mlp_bd_i/processing_system7_0/inst/buffer_fclk_clk_0.FCLK_CLK_0_BUFG/O
                         net (fo=23079, routed)       1.651    12.830    mlp_bd_i/mlp_axi_wrapper_0/inst/u_mlp_top/u_systolic/u_pe_arr/g_row[4].g_col[5].u_pe/S_AXI_ACLK
    SLICE_X43Y109        FDCE                                         r  mlp_bd_i/mlp_axi_wrapper_0/inst/u_mlp_top/u_systolic/u_pe_arr/g_row[4].g_col[5].u_pe/acc_reg[29]/C
                         clock pessimism              0.129    12.959    
                         clock uncertainty           -0.154    12.805    
    SLICE_X43Y109        FDCE (Setup_fdce_C_D)        0.062    12.867    mlp_bd_i/mlp_axi_wrapper_0/inst/u_mlp_top/u_systolic/u_pe_arr/g_row[4].g_col[5].u_pe/acc_reg[29]
  -------------------------------------------------------------------
                         required time                         12.867    
                         arrival time                         -12.451    
  -------------------------------------------------------------------
                         slack                                  0.416    

Slack (MET) :             0.435ns  (required time - arrival time)
  Source:                 mlp_bd_i/mlp_axi_wrapper_0/inst/u_mlp_top/u_sequencer/o_PE_DRAIN_reg_rep__45/C
                            (rising edge-triggered cell FDCE clocked by clk_fpga_0  {rise@0.000ns fall@5.000ns period=10.000ns})
  Destination:            mlp_bd_i/mlp_axi_wrapper_0/inst/u_mlp_top/u_systolic/u_pe_arr/g_row[0].g_col[7].u_pe/acc_reg[28]/D
                            (rising edge-triggered cell FDCE clocked by clk_fpga_0  {rise@0.000ns fall@5.000ns period=10.000ns})
  Path Group:             clk_fpga_0
  Path Type:              Setup (Max at Slow Process Corner)
  Requirement:            10.000ns  (clk_fpga_0 rise@10.000ns - clk_fpga_0 rise@0.000ns)
  Data Path Delay:        9.328ns  (logic 2.034ns (21.805%)  route 7.294ns (78.195%))
  Logic Levels:           9  (CARRY4=8 LUT4=1)
  Clock Path Skew:        -0.191ns (DCD - SCD + CPR)
    Destination Clock Delay (DCD):    2.718ns = ( 12.718 - 10.000 ) 
    Source Clock Delay      (SCD):    3.024ns
    Clock Pessimism Removal (CPR):    0.115ns
  Clock Uncertainty:      0.154ns  ((TSJ^2 + TIJ^2)^1/2 + DJ) / 2 + PE
    Total System Jitter     (TSJ):    0.071ns
    Total Input Jitter      (TIJ):    0.300ns
    Discrete Jitter          (DJ):    0.000ns
    Phase Error              (PE):    0.000ns

    Location             Delay type                Incr(ns)  Path(ns)    Netlist Resource(s)
  -------------------------------------------------------------------    -------------------
                         (clock clk_fpga_0 rise edge)
                                                      0.000     0.000 r  
    PS7_X0Y0             PS7                          0.000     0.000 r  mlp_bd_i/processing_system7_0/inst/PS7_i/FCLKCLK[0]
                         net (fo=1, routed)           1.193     1.193    mlp_bd_i/processing_system7_0/inst/FCLK_CLK_unbuffered[0]
    BUFGCTRL_X0Y16       BUFG (Prop_bufg_I_O)         0.101     1.294 r  mlp_bd_i/processing_system7_0/inst/buffer_fclk_clk_0.FCLK_CLK_0_BUFG/O
                         net (fo=23079, routed)       1.730     3.024    mlp_bd_i/mlp_axi_wrapper_0/inst/u_mlp_top/u_sequencer/S_AXI_ACLK
    SLICE_X57Y49         FDCE                                         r  mlp_bd_i/mlp_axi_wrapper_0/inst/u_mlp_top/u_sequencer/o_PE_DRAIN_reg_rep__45/C
  -------------------------------------------------------------------    -------------------
    SLICE_X57Y49         FDCE (Prop_fdce_C_Q)         0.456     3.480 f  mlp_bd_i/mlp_axi_wrapper_0/inst/u_mlp_top/u_sequencer/o_PE_DRAIN_reg_rep__45/Q
                         net (fo=256, routed)         7.294    10.774    mlp_bd_i/mlp_axi_wrapper_0/inst/u_mlp_top/u_systolic/u_pe_arr/g_row[0].g_col[7].u_pe/acc_reg[3]_1
    SLICE_X82Y76         LUT4 (Prop_lut4_I1_O)        0.124    10.898 r  mlp_bd_i/mlp_axi_wrapper_0/inst/u_mlp_top/u_systolic/u_pe_arr/g_row[0].g_col[7].u_pe/acc[3]_i_8__6/O
                         net (fo=1, routed)           0.000    10.898    mlp_bd_i/mlp_axi_wrapper_0/inst/u_mlp_top/u_systolic/u_pe_arr/g_row[0].g_col[7].u_pe/acc[3]_i_8__6_n_0
    SLICE_X82Y76         CARRY4 (Prop_carry4_S[1]_CO[3])
                                                      0.533    11.431 r  mlp_bd_i/mlp_axi_wrapper_0/inst/u_mlp_top/u_systolic/u_pe_arr/g_row[0].g_col[7].u_pe/acc_reg[3]_i_1__6/CO[3]
                         net (fo=1, routed)           0.000    11.431    mlp_bd_i/mlp_axi_wrapper_0/inst/u_mlp_top/u_systolic/u_pe_arr/g_row[0].g_col[7].u_pe/acc_reg[3]_i_1__6_n_0
    SLICE_X82Y77         CARRY4 (Prop_carry4_CI_CO[3])
                                                      0.117    11.548 r  mlp_bd_i/mlp_axi_wrapper_0/inst/u_mlp_top/u_systolic/u_pe_arr/g_row[0].g_col[7].u_pe/acc_reg[7]_i_1__6/CO[3]
                         net (fo=1, routed)           0.000    11.548    mlp_bd_i/mlp_axi_wrapper_0/inst/u_mlp_top/u_systolic/u_pe_arr/g_row[0].g_col[7].u_pe/acc_reg[7]_i_1__6_n_0
    SLICE_X82Y78         CARRY4 (Prop_carry4_CI_CO[3])
                                                      0.117    11.665 r  mlp_bd_i/mlp_axi_wrapper_0/inst/u_mlp_top/u_systolic/u_pe_arr/g_row[0].g_col[7].u_pe/acc_reg[11]_i_1__6/CO[3]
                         net (fo=1, routed)           0.000    11.665    mlp_bd_i/mlp_axi_wrapper_0/inst/u_mlp_top/u_systolic/u_pe_arr/g_row[0].g_col[7].u_pe/acc_reg[11]_i_1__6_n_0
    SLICE_X82Y79         CARRY4 (Prop_carry4_CI_CO[3])
                                                      0.117    11.782 r  mlp_bd_i/mlp_axi_wrapper_0/inst/u_mlp_top/u_systolic/u_pe_arr/g_row[0].g_col[7].u_pe/acc_reg[15]_i_2__3/CO[3]
                         net (fo=1, routed)           0.000    11.782    mlp_bd_i/mlp_axi_wrapper_0/inst/u_mlp_top/u_systolic/u_pe_arr/g_row[0].g_col[7].u_pe/acc_reg[15]_i_2__3_n_0
    SLICE_X82Y80         CARRY4 (Prop_carry4_CI_CO[3])
                                                      0.117    11.899 r  mlp_bd_i/mlp_axi_wrapper_0/inst/u_mlp_top/u_systolic/u_pe_arr/g_row[0].g_col[7].u_pe/acc_reg[19]_i_1__6/CO[3]
                         net (fo=1, routed)           0.000    11.899    mlp_bd_i/mlp_axi_wrapper_0/inst/u_mlp_top/u_systolic/u_pe_arr/g_row[0].g_col[7].u_pe/acc_reg[19]_i_1__6_n_0
    SLICE_X82Y81         CARRY4 (Prop_carry4_CI_CO[3])
                                                      0.117    12.016 r  mlp_bd_i/mlp_axi_wrapper_0/inst/u_mlp_top/u_systolic/u_pe_arr/g_row[0].g_col[7].u_pe/acc_reg[23]_i_1__6/CO[3]
                         net (fo=1, routed)           0.000    12.016    mlp_bd_i/mlp_axi_wrapper_0/inst/u_mlp_top/u_systolic/u_pe_arr/g_row[0].g_col[7].u_pe/acc_reg[23]_i_1__6_n_0
    SLICE_X82Y82         CARRY4 (Prop_carry4_CI_CO[3])
                                                      0.117    12.133 r  mlp_bd_i/mlp_axi_wrapper_0/inst/u_mlp_top/u_systolic/u_pe_arr/g_row[0].g_col[7].u_pe/acc_reg[27]_i_1__6/CO[3]
                         net (fo=1, routed)           0.000    12.133    mlp_bd_i/mlp_axi_wrapper_0/inst/u_mlp_top/u_systolic/u_pe_arr/g_row[0].g_col[7].u_pe/acc_reg[27]_i_1__6_n_0
    SLICE_X82Y83         CARRY4 (Prop_carry4_CI_O[0])
                                                      0.219    12.352 r  mlp_bd_i/mlp_axi_wrapper_0/inst/u_mlp_top/u_systolic/u_pe_arr/g_row[0].g_col[7].u_pe/acc_reg[31]_i_2__3/O[0]
                         net (fo=1, routed)           0.000    12.352    mlp_bd_i/mlp_axi_wrapper_0/inst/u_mlp_top/u_systolic/u_pe_arr/g_row[0].g_col[7].u_pe/acc_reg[31]_i_2__3_n_7
    SLICE_X82Y83         FDCE                                         r  mlp_bd_i/mlp_axi_wrapper_0/inst/u_mlp_top/u_systolic/u_pe_arr/g_row[0].g_col[7].u_pe/acc_reg[28]/D
  -------------------------------------------------------------------    -------------------

                         (clock clk_fpga_0 rise edge)
                                                     10.000    10.000 r  
    PS7_X0Y0             PS7                          0.000    10.000 r  mlp_bd_i/processing_system7_0/inst/PS7_i/FCLKCLK[0]
                         net (fo=1, routed)           1.088    11.088    mlp_bd_i/processing_system7_0/inst/FCLK_CLK_unbuffered[0]
    BUFGCTRL_X0Y16       BUFG (Prop_bufg_I_O)         0.091    11.179 r  mlp_bd_i/processing_system7_0/inst/buffer_fclk_clk_0.FCLK_CLK_0_BUFG/O
                         net (fo=23079, routed)       1.539    12.718    mlp_bd_i/mlp_axi_wrapper_0/inst/u_mlp_top/u_systolic/u_pe_arr/g_row[0].g_col[7].u_pe/S_AXI_ACLK
    SLICE_X82Y83         FDCE                                         r  mlp_bd_i/mlp_axi_wrapper_0/inst/u_mlp_top/u_systolic/u_pe_arr/g_row[0].g_col[7].u_pe/acc_reg[28]/C
                         clock pessimism              0.115    12.833    
                         clock uncertainty           -0.154    12.679    
    SLICE_X82Y83         FDCE (Setup_fdce_C_D)        0.109    12.788    mlp_bd_i/mlp_axi_wrapper_0/inst/u_mlp_top/u_systolic/u_pe_arr/g_row[0].g_col[7].u_pe/acc_reg[28]
  -------------------------------------------------------------------
                         required time                         12.788    
                         arrival time                         -12.352    
  -------------------------------------------------------------------
                         slack                                  0.435    

Slack (MET) :             0.437ns  (required time - arrival time)
  Source:                 mlp_bd_i/mlp_axi_wrapper_0/inst/u_mlp_top/u_sequencer/u_skewer/pe_clear_reg_rep__27/C
                            (rising edge-triggered cell FDCE clocked by clk_fpga_0  {rise@0.000ns fall@5.000ns period=10.000ns})
  Destination:            mlp_bd_i/mlp_axi_wrapper_0/inst/u_mlp_top/u_systolic/u_pe_arr/g_row[4].g_col[5].u_pe/acc_reg[31]/D
                            (rising edge-triggered cell FDCE clocked by clk_fpga_0  {rise@0.000ns fall@5.000ns period=10.000ns})
  Path Group:             clk_fpga_0
  Path Type:              Setup (Max at Slow Process Corner)
  Requirement:            10.000ns  (clk_fpga_0 rise@10.000ns - clk_fpga_0 rise@0.000ns)
  Data Path Delay:        9.424ns  (logic 2.127ns (22.570%)  route 7.297ns (77.430%))
  Logic Levels:           9  (CARRY4=8 LUT5=1)
  Clock Path Skew:        -0.047ns (DCD - SCD + CPR)
    Destination Clock Delay (DCD):    2.830ns = ( 12.830 - 10.000 ) 
    Source Clock Delay      (SCD):    3.006ns
    Clock Pessimism Removal (CPR):    0.129ns
  Clock Uncertainty:      0.154ns  ((TSJ^2 + TIJ^2)^1/2 + DJ) / 2 + PE
    Total System Jitter     (TSJ):    0.071ns
    Total Input Jitter      (TIJ):    0.300ns
    Discrete Jitter          (DJ):    0.000ns
    Phase Error              (PE):    0.000ns

    Location             Delay type                Incr(ns)  Path(ns)    Netlist Resource(s)
  -------------------------------------------------------------------    -------------------
                         (clock clk_fpga_0 rise edge)
                                                      0.000     0.000 r  
    PS7_X0Y0             PS7                          0.000     0.000 r  mlp_bd_i/processing_system7_0/inst/PS7_i/FCLKCLK[0]
                         net (fo=1, routed)           1.193     1.193    mlp_bd_i/processing_system7_0/inst/FCLK_CLK_unbuffered[0]
    BUFGCTRL_X0Y16       BUFG (Prop_bufg_I_O)         0.101     1.294 r  mlp_bd_i/processing_system7_0/inst/buffer_fclk_clk_0.FCLK_CLK_0_BUFG/O
                         net (fo=23079, routed)       1.712     3.006    mlp_bd_i/mlp_axi_wrapper_0/inst/u_mlp_top/u_sequencer/u_skewer/S_AXI_ACLK
    SLICE_X67Y61         FDCE                                         r  mlp_bd_i/mlp_axi_wrapper_0/inst/u_mlp_top/u_sequencer/u_skewer/pe_clear_reg_rep__27/C
  -------------------------------------------------------------------    -------------------
    SLICE_X67Y61         FDCE (Prop_fdce_C_Q)         0.456     3.462 r  mlp_bd_i/mlp_axi_wrapper_0/inst/u_mlp_top/u_sequencer/u_skewer/pe_clear_reg_rep__27/Q
                         net (fo=256, routed)         7.297    10.759    mlp_bd_i/mlp_axi_wrapper_0/inst/u_mlp_top/u_systolic/u_pe_arr/g_row[4].g_col[5].u_pe/acc_reg[3]_1
    SLICE_X43Y102        LUT5 (Prop_lut5_I1_O)        0.124    10.883 r  mlp_bd_i/mlp_axi_wrapper_0/inst/u_mlp_top/u_systolic/u_pe_arr/g_row[4].g_col[5].u_pe/acc[3]_i_8__68/O
                         net (fo=1, routed)           0.000    10.883    mlp_bd_i/mlp_axi_wrapper_0/inst/u_mlp_top/u_systolic/u_pe_arr/g_row[4].g_col[5].u_pe/acc[3]_i_8__68_n_0
    SLICE_X43Y102        CARRY4 (Prop_carry4_S[1]_CO[3])
                                                      0.550    11.433 r  mlp_bd_i/mlp_axi_wrapper_0/inst/u_mlp_top/u_systolic/u_pe_arr/g_row[4].g_col[5].u_pe/acc_reg[3]_i_1__68/CO[3]
                         net (fo=1, routed)           0.000    11.433    mlp_bd_i/mlp_axi_wrapper_0/inst/u_mlp_top/u_systolic/u_pe_arr/g_row[4].g_col[5].u_pe/acc_reg[3]_i_1__68_n_0
    SLICE_X43Y103        CARRY4 (Prop_carry4_CI_CO[3])
                                                      0.114    11.547 r  mlp_bd_i/mlp_axi_wrapper_0/inst/u_mlp_top/u_systolic/u_pe_arr/g_row[4].g_col[5].u_pe/acc_reg[7]_i_1__68/CO[3]
                         net (fo=1, routed)           0.000    11.547    mlp_bd_i/mlp_axi_wrapper_0/inst/u_mlp_top/u_systolic/u_pe_arr/g_row[4].g_col[5].u_pe/acc_reg[7]_i_1__68_n_0
    SLICE_X43Y104        CARRY4 (Prop_carry4_CI_CO[3])
                                                      0.114    11.661 r  mlp_bd_i/mlp_axi_wrapper_0/inst/u_mlp_top/u_systolic/u_pe_arr/g_row[4].g_col[5].u_pe/acc_reg[11]_i_1__68/CO[3]
                         net (fo=1, routed)           0.000    11.661    mlp_bd_i/mlp_axi_wrapper_0/inst/u_mlp_top/u_systolic/u_pe_arr/g_row[4].g_col[5].u_pe/acc_reg[11]_i_1__68_n_0
    SLICE_X43Y105        CARRY4 (Prop_carry4_CI_CO[3])
                                                      0.114    11.775 r  mlp_bd_i/mlp_axi_wrapper_0/inst/u_mlp_top/u_systolic/u_pe_arr/g_row[4].g_col[5].u_pe/acc_reg[15]_i_1__61/CO[3]
                         net (fo=1, routed)           0.000    11.775    mlp_bd_i/mlp_axi_wrapper_0/inst/u_mlp_top/u_systolic/u_pe_arr/g_row[4].g_col[5].u_pe/acc_reg[15]_i_1__61_n_0
    SLICE_X43Y106        CARRY4 (Prop_carry4_CI_CO[3])
                                                      0.114    11.889 r  mlp_bd_i/mlp_axi_wrapper_0/inst/u_mlp_top/u_systolic/u_pe_arr/g_row[4].g_col[5].u_pe/acc_reg[19]_i_1__68/CO[3]
                         net (fo=1, routed)           0.000    11.889    mlp_bd_i/mlp_axi_wrapper_0/inst/u_mlp_top/u_systolic/u_pe_arr/g_row[4].g_col[5].u_pe/acc_reg[19]_i_1__68_n_0
    SLICE_X43Y107        CARRY4 (Prop_carry4_CI_CO[3])
                                                      0.114    12.003 r  mlp_bd_i/mlp_axi_wrapper_0/inst/u_mlp_top/u_systolic/u_pe_arr/g_row[4].g_col[5].u_pe/acc_reg[23]_i_1__68/CO[3]
                         net (fo=1, routed)           0.000    12.003    mlp_bd_i/mlp_axi_wrapper_0/inst/u_mlp_top/u_systolic/u_pe_arr/g_row[4].g_col[5].u_pe/acc_reg[23]_i_1__68_n_0
    SLICE_X43Y108        CARRY4 (Prop_carry4_CI_CO[3])
                                                      0.114    12.117 r  mlp_bd_i/mlp_axi_wrapper_0/inst/u_mlp_top/u_systolic/u_pe_arr/g_row[4].g_col[5].u_pe/acc_reg[27]_i_1__68/CO[3]
                         net (fo=1, routed)           0.000    12.117    mlp_bd_i/mlp_axi_wrapper_0/inst/u_mlp_top/u_systolic/u_pe_arr/g_row[4].g_col[5].u_pe/acc_reg[27]_i_1__68_n_0
    SLICE_X43Y109        CARRY4 (Prop_carry4_CI_O[3])
                                                      0.313    12.430 r  mlp_bd_i/mlp_axi_wrapper_0/inst/u_mlp_top/u_systolic/u_pe_arr/g_row[4].g_col[5].u_pe/acc_reg[31]_i_1__61/O[3]
                         net (fo=1, routed)           0.000    12.430    mlp_bd_i/mlp_axi_wrapper_0/inst/u_mlp_top/u_systolic/u_pe_arr/g_row[4].g_col[5].u_pe/acc_reg[31]_i_1__61_n_4
    SLICE_X43Y109        FDCE                                         r  mlp_bd_i/mlp_axi_wrapper_0/inst/u_mlp_top/u_systolic/u_pe_arr/g_row[4].g_col[5].u_pe/acc_reg[31]/D
  -------------------------------------------------------------------    -------------------

                         (clock clk_fpga_0 rise edge)
                                                     10.000    10.000 r  
    PS7_X0Y0             PS7                          0.000    10.000 r  mlp_bd_i/processing_system7_0/inst/PS7_i/FCLKCLK[0]
                         net (fo=1, routed)           1.088    11.088    mlp_bd_i/processing_system7_0/inst/FCLK_CLK_unbuffered[0]
    BUFGCTRL_X0Y16       BUFG (Prop_bufg_I_O)         0.091    11.179 r  mlp_bd_i/processing_system7_0/inst/buffer_fclk_clk_0.FCLK_CLK_0_BUFG/O
                         net (fo=23079, routed)       1.651    12.830    mlp_bd_i/mlp_axi_wrapper_0/inst/u_mlp_top/u_systolic/u_pe_arr/g_row[4].g_col[5].u_pe/S_AXI_ACLK
    SLICE_X43Y109        FDCE                                         r  mlp_bd_i/mlp_axi_wrapper_0/inst/u_mlp_top/u_systolic/u_pe_arr/g_row[4].g_col[5].u_pe/acc_reg[31]/C
                         clock pessimism              0.129    12.959    
                         clock uncertainty           -0.154    12.805    
    SLICE_X43Y109        FDCE (Setup_fdce_C_D)        0.062    12.867    mlp_bd_i/mlp_axi_wrapper_0/inst/u_mlp_top/u_systolic/u_pe_arr/g_row[4].g_col[5].u_pe/acc_reg[31]
  -------------------------------------------------------------------
                         required time                         12.867    
                         arrival time                         -12.430    
  -------------------------------------------------------------------
                         slack                                  0.437    

Slack (MET) :             0.447ns  (required time - arrival time)
  Source:                 mlp_bd_i/mlp_axi_wrapper_0/inst/u_mlp_top/u_sequencer/o_PE_DRAIN_reg_rep__45/C
                            (rising edge-triggered cell FDCE clocked by clk_fpga_0  {rise@0.000ns fall@5.000ns period=10.000ns})
  Destination:            mlp_bd_i/mlp_axi_wrapper_0/inst/u_mlp_top/u_systolic/u_pe_arr/g_row[0].g_col[7].u_pe/acc_reg[25]/D
                            (rising edge-triggered cell FDCE clocked by clk_fpga_0  {rise@0.000ns fall@5.000ns period=10.000ns})
  Path Group:             clk_fpga_0
  Path Type:              Setup (Max at Slow Process Corner)
  Requirement:            10.000ns  (clk_fpga_0 rise@10.000ns - clk_fpga_0 rise@0.000ns)
  Data Path Delay:        9.315ns  (logic 2.021ns (21.695%)  route 7.294ns (78.305%))
  Logic Levels:           8  (CARRY4=7 LUT4=1)
  Clock Path Skew:        -0.192ns (DCD - SCD + CPR)
    Destination Clock Delay (DCD):    2.717ns = ( 12.717 - 10.000 ) 
    Source Clock Delay      (SCD):    3.024ns
    Clock Pessimism Removal (CPR):    0.115ns
  Clock Uncertainty:      0.154ns  ((TSJ^2 + TIJ^2)^1/2 + DJ) / 2 + PE
    Total System Jitter     (TSJ):    0.071ns
    Total Input Jitter      (TIJ):    0.300ns
    Discrete Jitter          (DJ):    0.000ns
    Phase Error              (PE):    0.000ns

    Location             Delay type                Incr(ns)  Path(ns)    Netlist Resource(s)
  -------------------------------------------------------------------    -------------------
                         (clock clk_fpga_0 rise edge)
                                                      0.000     0.000 r  
    PS7_X0Y0             PS7                          0.000     0.000 r  mlp_bd_i/processing_system7_0/inst/PS7_i/FCLKCLK[0]
                         net (fo=1, routed)           1.193     1.193    mlp_bd_i/processing_system7_0/inst/FCLK_CLK_unbuffered[0]
    BUFGCTRL_X0Y16       BUFG (Prop_bufg_I_O)         0.101     1.294 r  mlp_bd_i/processing_system7_0/inst/buffer_fclk_clk_0.FCLK_CLK_0_BUFG/O
                         net (fo=23079, routed)       1.730     3.024    mlp_bd_i/mlp_axi_wrapper_0/inst/u_mlp_top/u_sequencer/S_AXI_ACLK
    SLICE_X57Y49         FDCE                                         r  mlp_bd_i/mlp_axi_wrapper_0/inst/u_mlp_top/u_sequencer/o_PE_DRAIN_reg_rep__45/C
  -------------------------------------------------------------------    -------------------
    SLICE_X57Y49         FDCE (Prop_fdce_C_Q)         0.456     3.480 f  mlp_bd_i/mlp_axi_wrapper_0/inst/u_mlp_top/u_sequencer/o_PE_DRAIN_reg_rep__45/Q
                         net (fo=256, routed)         7.294    10.774    mlp_bd_i/mlp_axi_wrapper_0/inst/u_mlp_top/u_systolic/u_pe_arr/g_row[0].g_col[7].u_pe/acc_reg[3]_1
    SLICE_X82Y76         LUT4 (Prop_lut4_I1_O)        0.124    10.898 r  mlp_bd_i/mlp_axi_wrapper_0/inst/u_mlp_top/u_systolic/u_pe_arr/g_row[0].g_col[7].u_pe/acc[3]_i_8__6/O
                         net (fo=1, routed)           0.000    10.898    mlp_bd_i/mlp_axi_wrapper_0/inst/u_mlp_top/u_systolic/u_pe_arr/g_row[0].g_col[7].u_pe/acc[3]_i_8__6_n_0
    SLICE_X82Y76         CARRY4 (Prop_carry4_S[1]_CO[3])
                                                      0.533    11.431 r  mlp_bd_i/mlp_axi_wrapper_0/inst/u_mlp_top/u_systolic/u_pe_arr/g_row[0].g_col[7].u_pe/acc_reg[3]_i_1__6/CO[3]
                         net (fo=1, routed)           0.000    11.431    mlp_bd_i/mlp_axi_wrapper_0/inst/u_mlp_top/u_systolic/u_pe_arr/g_row[0].g_col[7].u_pe/acc_reg[3]_i_1__6_n_0
    SLICE_X82Y77         CARRY4 (Prop_carry4_CI_CO[3])
                                                      0.117    11.548 r  mlp_bd_i/mlp_axi_wrapper_0/inst/u_mlp_top/u_systolic/u_pe_arr/g_row[0].g_col[7].u_pe/acc_reg[7]_i_1__6/CO[3]
                         net (fo=1, routed)           0.000    11.548    mlp_bd_i/mlp_axi_wrapper_0/inst/u_mlp_top/u_systolic/u_pe_arr/g_row[0].g_col[7].u_pe/acc_reg[7]_i_1__6_n_0
    SLICE_X82Y78         CARRY4 (Prop_carry4_CI_CO[3])
                                                      0.117    11.665 r  mlp_bd_i/mlp_axi_wrapper_0/inst/u_mlp_top/u_systolic/u_pe_arr/g_row[0].g_col[7].u_pe/acc_reg[11]_i_1__6/CO[3]
                         net (fo=1, routed)           0.000    11.665    mlp_bd_i/mlp_axi_wrapper_0/inst/u_mlp_top/u_systolic/u_pe_arr/g_row[0].g_col[7].u_pe/acc_reg[11]_i_1__6_n_0
    SLICE_X82Y79         CARRY4 (Prop_carry4_CI_CO[3])
                                                      0.117    11.782 r  mlp_bd_i/mlp_axi_wrapper_0/inst/u_mlp_top/u_systolic/u_pe_arr/g_row[0].g_col[7].u_pe/acc_reg[15]_i_2__3/CO[3]
                         net (fo=1, routed)           0.000    11.782    mlp_bd_i/mlp_axi_wrapper_0/inst/u_mlp_top/u_systolic/u_pe_arr/g_row[0].g_col[7].u_pe/acc_reg[15]_i_2__3_n_0
    SLICE_X82Y80         CARRY4 (Prop_carry4_CI_CO[3])
                                                      0.117    11.899 r  mlp_bd_i/mlp_axi_wrapper_0/inst/u_mlp_top/u_systolic/u_pe_arr/g_row[0].g_col[7].u_pe/acc_reg[19]_i_1__6/CO[3]
                         net (fo=1, routed)           0.000    11.899    mlp_bd_i/mlp_axi_wrapper_0/inst/u_mlp_top/u_systolic/u_pe_arr/g_row[0].g_col[7].u_pe/acc_reg[19]_i_1__6_n_0
    SLICE_X82Y81         CARRY4 (Prop_carry4_CI_CO[3])
                                                      0.117    12.016 r  mlp_bd_i/mlp_axi_wrapper_0/inst/u_mlp_top/u_systolic/u_pe_arr/g_row[0].g_col[7].u_pe/acc_reg[23]_i_1__6/CO[3]
                         net (fo=1, routed)           0.000    12.016    mlp_bd_i/mlp_axi_wrapper_0/inst/u_mlp_top/u_systolic/u_pe_arr/g_row[0].g_col[7].u_pe/acc_reg[23]_i_1__6_n_0
    SLICE_X82Y82         CARRY4 (Prop_carry4_CI_O[1])
                                                      0.323    12.339 r  mlp_bd_i/mlp_axi_wrapper_0/inst/u_mlp_top/u_systolic/u_pe_arr/g_row[0].g_col[7].u_pe/acc_reg[27]_i_1__6/O[1]
                         net (fo=1, routed)           0.000    12.339    mlp_bd_i/mlp_axi_wrapper_0/inst/u_mlp_top/u_systolic/u_pe_arr/g_row[0].g_col[7].u_pe/acc_reg[27]_i_1__6_n_6
    SLICE_X82Y82         FDCE                                         r  mlp_bd_i/mlp_axi_wrapper_0/inst/u_mlp_top/u_systolic/u_pe_arr/g_row[0].g_col[7].u_pe/acc_reg[25]/D
  -------------------------------------------------------------------    -------------------

                         (clock clk_fpga_0 rise edge)
                                                     10.000    10.000 r  
    PS7_X0Y0             PS7                          0.000    10.000 r  mlp_bd_i/processing_system7_0/inst/PS7_i/FCLKCLK[0]
                         net (fo=1, routed)           1.088    11.088    mlp_bd_i/processing_system7_0/inst/FCLK_CLK_unbuffered[0]
    BUFGCTRL_X0Y16       BUFG (Prop_bufg_I_O)         0.091    11.179 r  mlp_bd_i/processing_system7_0/inst/buffer_fclk_clk_0.FCLK_CLK_0_BUFG/O
                         net (fo=23079, routed)       1.538    12.717    mlp_bd_i/mlp_axi_wrapper_0/inst/u_mlp_top/u_systolic/u_pe_arr/g_row[0].g_col[7].u_pe/S_AXI_ACLK
    SLICE_X82Y82         FDCE                                         r  mlp_bd_i/mlp_axi_wrapper_0/inst/u_mlp_top/u_systolic/u_pe_arr/g_row[0].g_col[7].u_pe/acc_reg[25]/C
                         clock pessimism              0.115    12.832    
                         clock uncertainty           -0.154    12.678    
    SLICE_X82Y82         FDCE (Setup_fdce_C_D)        0.109    12.787    mlp_bd_i/mlp_axi_wrapper_0/inst/u_mlp_top/u_systolic/u_pe_arr/g_row[0].g_col[7].u_pe/acc_reg[25]
  -------------------------------------------------------------------
                         required time                         12.787    
                         arrival time                         -12.339    
  -------------------------------------------------------------------
                         slack                                  0.447    

Slack (MET) :             0.455ns  (required time - arrival time)
  Source:                 mlp_bd_i/mlp_axi_wrapper_0/inst/u_mlp_top/u_sequencer/o_PE_DRAIN_reg_rep__45/C
                            (rising edge-triggered cell FDCE clocked by clk_fpga_0  {rise@0.000ns fall@5.000ns period=10.000ns})
  Destination:            mlp_bd_i/mlp_axi_wrapper_0/inst/u_mlp_top/u_systolic/u_pe_arr/g_row[0].g_col[7].u_pe/acc_reg[27]/D
                            (rising edge-triggered cell FDCE clocked by clk_fpga_0  {rise@0.000ns fall@5.000ns period=10.000ns})
  Path Group:             clk_fpga_0
  Path Type:              Setup (Max at Slow Process Corner)
  Requirement:            10.000ns  (clk_fpga_0 rise@10.000ns - clk_fpga_0 rise@0.000ns)
  Data Path Delay:        9.307ns  (logic 2.013ns (21.628%)  route 7.294ns (78.372%))
  Logic Levels:           8  (CARRY4=7 LUT4=1)
  Clock Path Skew:        -0.192ns (DCD - SCD + CPR)
    Destination Clock Delay (DCD):    2.717ns = ( 12.717 - 10.000 ) 
    Source Clock Delay      (SCD):    3.024ns
    Clock Pessimism Removal (CPR):    0.115ns
  Clock Uncertainty:      0.154ns  ((TSJ^2 + TIJ^2)^1/2 + DJ) / 2 + PE
    Total System Jitter     (TSJ):    0.071ns
    Total Input Jitter      (TIJ):    0.300ns
    Discrete Jitter          (DJ):    0.000ns
    Phase Error              (PE):    0.000ns

    Location             Delay type                Incr(ns)  Path(ns)    Netlist Resource(s)
  -------------------------------------------------------------------    -------------------
                         (clock clk_fpga_0 rise edge)
                                                      0.000     0.000 r  
    PS7_X0Y0             PS7                          0.000     0.000 r  mlp_bd_i/processing_system7_0/inst/PS7_i/FCLKCLK[0]
                         net (fo=1, routed)           1.193     1.193    mlp_bd_i/processing_system7_0/inst/FCLK_CLK_unbuffered[0]
    BUFGCTRL_X0Y16       BUFG (Prop_bufg_I_O)         0.101     1.294 r  mlp_bd_i/processing_system7_0/inst/buffer_fclk_clk_0.FCLK_CLK_0_BUFG/O
                         net (fo=23079, routed)       1.730     3.024    mlp_bd_i/mlp_axi_wrapper_0/inst/u_mlp_top/u_sequencer/S_AXI_ACLK
    SLICE_X57Y49         FDCE                                         r  mlp_bd_i/mlp_axi_wrapper_0/inst/u_mlp_top/u_sequencer/o_PE_DRAIN_reg_rep__45/C
  -------------------------------------------------------------------    -------------------
    SLICE_X57Y49         FDCE (Prop_fdce_C_Q)         0.456     3.480 f  mlp_bd_i/mlp_axi_wrapper_0/inst/u_mlp_top/u_sequencer/o_PE_DRAIN_reg_rep__45/Q
                         net (fo=256, routed)         7.294    10.774    mlp_bd_i/mlp_axi_wrapper_0/inst/u_mlp_top/u_systolic/u_pe_arr/g_row[0].g_col[7].u_pe/acc_reg[3]_1
    SLICE_X82Y76         LUT4 (Prop_lut4_I1_O)        0.124    10.898 r  mlp_bd_i/mlp_axi_wrapper_0/inst/u_mlp_top/u_systolic/u_pe_arr/g_row[0].g_col[7].u_pe/acc[3]_i_8__6/O
                         net (fo=1, routed)           0.000    10.898    mlp_bd_i/mlp_axi_wrapper_0/inst/u_mlp_top/u_systolic/u_pe_arr/g_row[0].g_col[7].u_pe/acc[3]_i_8__6_n_0
    SLICE_X82Y76         CARRY4 (Prop_carry4_S[1]_CO[3])
                                                      0.533    11.431 r  mlp_bd_i/mlp_axi_wrapper_0/inst/u_mlp_top/u_systolic/u_pe_arr/g_row[0].g_col[7].u_pe/acc_reg[3]_i_1__6/CO[3]
                         net (fo=1, routed)           0.000    11.431    mlp_bd_i/mlp_axi_wrapper_0/inst/u_mlp_top/u_systolic/u_pe_arr/g_row[0].g_col[7].u_pe/acc_reg[3]_i_1__6_n_0
    SLICE_X82Y77         CARRY4 (Prop_carry4_CI_CO[3])
                                                      0.117    11.548 r  mlp_bd_i/mlp_axi_wrapper_0/inst/u_mlp_top/u_systolic/u_pe_arr/g_row[0].g_col[7].u_pe/acc_reg[7]_i_1__6/CO[3]
                         net (fo=1, routed)           0.000    11.548    mlp_bd_i/mlp_axi_wrapper_0/inst/u_mlp_top/u_systolic/u_pe_arr/g_row[0].g_col[7].u_pe/acc_reg[7]_i_1__6_n_0
    SLICE_X82Y78         CARRY4 (Prop_carry4_CI_CO[3])
                                                      0.117    11.665 r  mlp_bd_i/mlp_axi_wrapper_0/inst/u_mlp_top/u_systolic/u_pe_arr/g_row[0].g_col[7].u_pe/acc_reg[11]_i_1__6/CO[3]
                         net (fo=1, routed)           0.000    11.665    mlp_bd_i/mlp_axi_wrapper_0/inst/u_mlp_top/u_systolic/u_pe_arr/g_row[0].g_col[7].u_pe/acc_reg[11]_i_1__6_n_0
    SLICE_X82Y79         CARRY4 (Prop_carry4_CI_CO[3])
                                                      0.117    11.782 r  mlp_bd_i/mlp_axi_wrapper_0/inst/u_mlp_top/u_systolic/u_pe_arr/g_row[0].g_col[7].u_pe/acc_reg[15]_i_2__3/CO[3]
                         net (fo=1, routed)           0.000    11.782    mlp_bd_i/mlp_axi_wrapper_0/inst/u_mlp_top/u_systolic/u_pe_arr/g_row[0].g_col[7].u_pe/acc_reg[15]_i_2__3_n_0
    SLICE_X82Y80         CARRY4 (Prop_carry4_CI_CO[3])
                                                      0.117    11.899 r  mlp_bd_i/mlp_axi_wrapper_0/inst/u_mlp_top/u_systolic/u_pe_arr/g_row[0].g_col[7].u_pe/acc_reg[19]_i_1__6/CO[3]
                         net (fo=1, routed)           0.000    11.899    mlp_bd_i/mlp_axi_wrapper_0/inst/u_mlp_top/u_systolic/u_pe_arr/g_row[0].g_col[7].u_pe/acc_reg[19]_i_1__6_n_0
    SLICE_X82Y81         CARRY4 (Prop_carry4_CI_CO[3])
                                                      0.117    12.016 r  mlp_bd_i/mlp_axi_wrapper_0/inst/u_mlp_top/u_systolic/u_pe_arr/g_row[0].g_col[7].u_pe/acc_reg[23]_i_1__6/CO[3]
                         net (fo=1, routed)           0.000    12.016    mlp_bd_i/mlp_axi_wrapper_0/inst/u_mlp_top/u_systolic/u_pe_arr/g_row[0].g_col[7].u_pe/acc_reg[23]_i_1__6_n_0
    SLICE_X82Y82         CARRY4 (Prop_carry4_CI_O[3])
                                                      0.315    12.331 r  mlp_bd_i/mlp_axi_wrapper_0/inst/u_mlp_top/u_systolic/u_pe_arr/g_row[0].g_col[7].u_pe/acc_reg[27]_i_1__6/O[3]
                         net (fo=1, routed)           0.000    12.331    mlp_bd_i/mlp_axi_wrapper_0/inst/u_mlp_top/u_systolic/u_pe_arr/g_row[0].g_col[7].u_pe/acc_reg[27]_i_1__6_n_4
    SLICE_X82Y82         FDCE                                         r  mlp_bd_i/mlp_axi_wrapper_0/inst/u_mlp_top/u_systolic/u_pe_arr/g_row[0].g_col[7].u_pe/acc_reg[27]/D
  -------------------------------------------------------------------    -------------------

                         (clock clk_fpga_0 rise edge)
                                                     10.000    10.000 r  
    PS7_X0Y0             PS7                          0.000    10.000 r  mlp_bd_i/processing_system7_0/inst/PS7_i/FCLKCLK[0]
                         net (fo=1, routed)           1.088    11.088    mlp_bd_i/processing_system7_0/inst/FCLK_CLK_unbuffered[0]
    BUFGCTRL_X0Y16       BUFG (Prop_bufg_I_O)         0.091    11.179 r  mlp_bd_i/processing_system7_0/inst/buffer_fclk_clk_0.FCLK_CLK_0_BUFG/O
                         net (fo=23079, routed)       1.538    12.717    mlp_bd_i/mlp_axi_wrapper_0/inst/u_mlp_top/u_systolic/u_pe_arr/g_row[0].g_col[7].u_pe/S_AXI_ACLK
    SLICE_X82Y82         FDCE                                         r  mlp_bd_i/mlp_axi_wrapper_0/inst/u_mlp_top/u_systolic/u_pe_arr/g_row[0].g_col[7].u_pe/acc_reg[27]/C
                         clock pessimism              0.115    12.832    
                         clock uncertainty           -0.154    12.678    
    SLICE_X82Y82         FDCE (Setup_fdce_C_D)        0.109    12.787    mlp_bd_i/mlp_axi_wrapper_0/inst/u_mlp_top/u_systolic/u_pe_arr/g_row[0].g_col[7].u_pe/acc_reg[27]
  -------------------------------------------------------------------
                         required time                         12.787    
                         arrival time                         -12.331    
  -------------------------------------------------------------------
                         slack                                  0.455    

Slack (MET) :             0.460ns  (required time - arrival time)
  Source:                 mlp_bd_i/mlp_axi_wrapper_0/inst/u_mlp_top/u_sequencer/u_skewer/pe_clear_reg_rep__1/C
                            (rising edge-triggered cell FDCE clocked by clk_fpga_0  {rise@0.000ns fall@5.000ns period=10.000ns})
  Destination:            mlp_bd_i/mlp_axi_wrapper_0/inst/u_mlp_top/u_systolic/u_pe_arr/g_row[13].g_col[15].u_pe/acc_reg[29]/D
                            (rising edge-triggered cell FDCE clocked by clk_fpga_0  {rise@0.000ns fall@5.000ns period=10.000ns})
  Path Group:             clk_fpga_0
  Path Type:              Setup (Max at Slow Process Corner)
  Requirement:            10.000ns  (clk_fpga_0 rise@10.000ns - clk_fpga_0 rise@0.000ns)
  Data Path Delay:        9.661ns  (logic 1.650ns (17.080%)  route 8.011ns (82.920%))
  Logic Levels:           5  (CARRY4=4 LUT5=1)
  Clock Path Skew:        0.166ns (DCD - SCD + CPR)
    Destination Clock Delay (DCD):    2.877ns = ( 12.877 - 10.000 ) 
    Source Clock Delay      (SCD):    2.941ns
    Clock Pessimism Removal (CPR):    0.230ns
  Clock Uncertainty:      0.154ns  ((TSJ^2 + TIJ^2)^1/2 + DJ) / 2 + PE
    Total System Jitter     (TSJ):    0.071ns
    Total Input Jitter      (TIJ):    0.300ns
    Discrete Jitter          (DJ):    0.000ns
    Phase Error              (PE):    0.000ns

    Location             Delay type                Incr(ns)  Path(ns)    Netlist Resource(s)
  -------------------------------------------------------------------    -------------------
                         (clock clk_fpga_0 rise edge)
                                                      0.000     0.000 r  
    PS7_X0Y0             PS7                          0.000     0.000 r  mlp_bd_i/processing_system7_0/inst/PS7_i/FCLKCLK[0]
                         net (fo=1, routed)           1.193     1.193    mlp_bd_i/processing_system7_0/inst/FCLK_CLK_unbuffered[0]
    BUFGCTRL_X0Y16       BUFG (Prop_bufg_I_O)         0.101     1.294 r  mlp_bd_i/processing_system7_0/inst/buffer_fclk_clk_0.FCLK_CLK_0_BUFG/O
                         net (fo=23079, routed)       1.647     2.941    mlp_bd_i/mlp_axi_wrapper_0/inst/u_mlp_top/u_sequencer/u_skewer/S_AXI_ACLK
    SLICE_X52Y17         FDCE                                         r  mlp_bd_i/mlp_axi_wrapper_0/inst/u_mlp_top/u_sequencer/u_skewer/pe_clear_reg_rep__1/C
  -------------------------------------------------------------------    -------------------
    SLICE_X52Y17         FDCE (Prop_fdce_C_Q)         0.456     3.397 r  mlp_bd_i/mlp_axi_wrapper_0/inst/u_mlp_top/u_sequencer/u_skewer/pe_clear_reg_rep__1/Q
                         net (fo=256, routed)         8.011    11.408    mlp_bd_i/mlp_axi_wrapper_0/inst/u_mlp_top/u_systolic/u_pe_arr/g_row[13].g_col[15].u_pe/acc_reg[3]_1
    SLICE_X108Y7         LUT5 (Prop_lut5_I1_O)        0.124    11.532 r  mlp_bd_i/mlp_axi_wrapper_0/inst/u_mlp_top/u_systolic/u_pe_arr/g_row[13].g_col[15].u_pe/acc[19]_i_9__222/O
                         net (fo=1, routed)           0.000    11.532    mlp_bd_i/mlp_axi_wrapper_0/inst/u_mlp_top/u_systolic/u_pe_arr/g_row[13].g_col[15].u_pe/acc[19]_i_9__222_n_0
    SLICE_X108Y7         CARRY4 (Prop_carry4_S[0]_CO[3])
                                                      0.513    12.045 r  mlp_bd_i/mlp_axi_wrapper_0/inst/u_mlp_top/u_systolic/u_pe_arr/g_row[13].g_col[15].u_pe/acc_reg[19]_i_1__222/CO[3]
                         net (fo=1, routed)           0.000    12.045    mlp_bd_i/mlp_axi_wrapper_0/inst/u_mlp_top/u_systolic/u_pe_arr/g_row[13].g_col[15].u_pe/acc_reg[19]_i_1__222_n_0
    SLICE_X108Y8         CARRY4 (Prop_carry4_CI_CO[3])
                                                      0.117    12.162 r  mlp_bd_i/mlp_axi_wrapper_0/inst/u_mlp_top/u_systolic/u_pe_arr/g_row[13].g_col[15].u_pe/acc_reg[23]_i_1__222/CO[3]
                         net (fo=1, routed)           0.000    12.162    mlp_bd_i/mlp_axi_wrapper_0/inst/u_mlp_top/u_systolic/u_pe_arr/g_row[13].g_col[15].u_pe/acc_reg[23]_i_1__222_n_0
    SLICE_X108Y9         CARRY4 (Prop_carry4_CI_CO[3])
                                                      0.117    12.279 r  mlp_bd_i/mlp_axi_wrapper_0/inst/u_mlp_top/u_systolic/u_pe_arr/g_row[13].g_col[15].u_pe/acc_reg[27]_i_1__222/CO[3]
                         net (fo=1, routed)           0.000    12.279    mlp_bd_i/mlp_axi_wrapper_0/inst/u_mlp_top/u_systolic/u_pe_arr/g_row[13].g_col[15].u_pe/acc_reg[27]_i_1__222_n_0
    SLICE_X108Y10        CARRY4 (Prop_carry4_CI_O[1])
                                                      0.323    12.602 r  mlp_bd_i/mlp_axi_wrapper_0/inst/u_mlp_top/u_systolic/u_pe_arr/g_row[13].g_col[15].u_pe/acc_reg[31]_i_1__206/O[1]
                         net (fo=1, routed)           0.000    12.602    mlp_bd_i/mlp_axi_wrapper_0/inst/u_mlp_top/u_systolic/u_pe_arr/g_row[13].g_col[15].u_pe/acc_reg[31]_i_1__206_n_6
    SLICE_X108Y10        FDCE                                         r  mlp_bd_i/mlp_axi_wrapper_0/inst/u_mlp_top/u_systolic/u_pe_arr/g_row[13].g_col[15].u_pe/acc_reg[29]/D
  -------------------------------------------------------------------    -------------------

                         (clock clk_fpga_0 rise edge)
                                                     10.000    10.000 r  
    PS7_X0Y0             PS7                          0.000    10.000 r  mlp_bd_i/processing_system7_0/inst/PS7_i/FCLKCLK[0]
                         net (fo=1, routed)           1.088    11.088    mlp_bd_i/processing_system7_0/inst/FCLK_CLK_unbuffered[0]
    BUFGCTRL_X0Y16       BUFG (Prop_bufg_I_O)         0.091    11.179 r  mlp_bd_i/processing_system7_0/inst/buffer_fclk_clk_0.FCLK_CLK_0_BUFG/O
                         net (fo=23079, routed)       1.698    12.877    mlp_bd_i/mlp_axi_wrapper_0/inst/u_mlp_top/u_systolic/u_pe_arr/g_row[13].g_col[15].u_pe/S_AXI_ACLK
    SLICE_X108Y10        FDCE                                         r  mlp_bd_i/mlp_axi_wrapper_0/inst/u_mlp_top/u_systolic/u_pe_arr/g_row[13].g_col[15].u_pe/acc_reg[29]/C
                         clock pessimism              0.230    13.107    
                         clock uncertainty           -0.154    12.953    
    SLICE_X108Y10        FDCE (Setup_fdce_C_D)        0.109    13.062    mlp_bd_i/mlp_axi_wrapper_0/inst/u_mlp_top/u_systolic/u_pe_arr/g_row[13].g_col[15].u_pe/acc_reg[29]
  -------------------------------------------------------------------
                         required time                         13.062    
                         arrival time                         -12.602    
  -------------------------------------------------------------------
                         slack                                  0.460    

Slack (MET) :             0.468ns  (required time - arrival time)
  Source:                 mlp_bd_i/mlp_axi_wrapper_0/inst/u_mlp_top/u_sequencer/u_skewer/pe_clear_reg_rep__1/C
                            (rising edge-triggered cell FDCE clocked by clk_fpga_0  {rise@0.000ns fall@5.000ns period=10.000ns})
  Destination:            mlp_bd_i/mlp_axi_wrapper_0/inst/u_mlp_top/u_systolic/u_pe_arr/g_row[13].g_col[15].u_pe/acc_reg[31]/D
                            (rising edge-triggered cell FDCE clocked by clk_fpga_0  {rise@0.000ns fall@5.000ns period=10.000ns})
  Path Group:             clk_fpga_0
  Path Type:              Setup (Max at Slow Process Corner)
  Requirement:            10.000ns  (clk_fpga_0 rise@10.000ns - clk_fpga_0 rise@0.000ns)
  Data Path Delay:        9.653ns  (logic 1.642ns (17.011%)  route 8.011ns (82.989%))
  Logic Levels:           5  (CARRY4=4 LUT5=1)
  Clock Path Skew:        0.166ns (DCD - SCD + CPR)
    Destination Clock Delay (DCD):    2.877ns = ( 12.877 - 10.000 ) 
    Source Clock Delay      (SCD):    2.941ns
    Clock Pessimism Removal (CPR):    0.230ns
  Clock Uncertainty:      0.154ns  ((TSJ^2 + TIJ^2)^1/2 + DJ) / 2 + PE
    Total System Jitter     (TSJ):    0.071ns
    Total Input Jitter      (TIJ):    0.300ns
    Discrete Jitter          (DJ):    0.000ns
    Phase Error              (PE):    0.000ns

    Location             Delay type                Incr(ns)  Path(ns)    Netlist Resource(s)
  -------------------------------------------------------------------    -------------------
                         (clock clk_fpga_0 rise edge)
                                                      0.000     0.000 r  
    PS7_X0Y0             PS7                          0.000     0.000 r  mlp_bd_i/processing_system7_0/inst/PS7_i/FCLKCLK[0]
                         net (fo=1, routed)           1.193     1.193    mlp_bd_i/processing_system7_0/inst/FCLK_CLK_unbuffered[0]
    BUFGCTRL_X0Y16       BUFG (Prop_bufg_I_O)         0.101     1.294 r  mlp_bd_i/processing_system7_0/inst/buffer_fclk_clk_0.FCLK_CLK_0_BUFG/O
                         net (fo=23079, routed)       1.647     2.941    mlp_bd_i/mlp_axi_wrapper_0/inst/u_mlp_top/u_sequencer/u_skewer/S_AXI_ACLK
    SLICE_X52Y17         FDCE                                         r  mlp_bd_i/mlp_axi_wrapper_0/inst/u_mlp_top/u_sequencer/u_skewer/pe_clear_reg_rep__1/C
  -------------------------------------------------------------------    -------------------
    SLICE_X52Y17         FDCE (Prop_fdce_C_Q)         0.456     3.397 r  mlp_bd_i/mlp_axi_wrapper_0/inst/u_mlp_top/u_sequencer/u_skewer/pe_clear_reg_rep__1/Q
                         net (fo=256, routed)         8.011    11.408    mlp_bd_i/mlp_axi_wrapper_0/inst/u_mlp_top/u_systolic/u_pe_arr/g_row[13].g_col[15].u_pe/acc_reg[3]_1
    SLICE_X108Y7         LUT5 (Prop_lut5_I1_O)        0.124    11.532 r  mlp_bd_i/mlp_axi_wrapper_0/inst/u_mlp_top/u_systolic/u_pe_arr/g_row[13].g_col[15].u_pe/acc[19]_i_9__222/O
                         net (fo=1, routed)           0.000    11.532    mlp_bd_i/mlp_axi_wrapper_0/inst/u_mlp_top/u_systolic/u_pe_arr/g_row[13].g_col[15].u_pe/acc[19]_i_9__222_n_0
    SLICE_X108Y7         CARRY4 (Prop_carry4_S[0]_CO[3])
                                                      0.513    12.045 r  mlp_bd_i/mlp_axi_wrapper_0/inst/u_mlp_top/u_systolic/u_pe_arr/g_row[13].g_col[15].u_pe/acc_reg[19]_i_1__222/CO[3]
                         net (fo=1, routed)           0.000    12.045    mlp_bd_i/mlp_axi_wrapper_0/inst/u_mlp_top/u_systolic/u_pe_arr/g_row[13].g_col[15].u_pe/acc_reg[19]_i_1__222_n_0
    SLICE_X108Y8         CARRY4 (Prop_carry4_CI_CO[3])
                                                      0.117    12.162 r  mlp_bd_i/mlp_axi_wrapper_0/inst/u_mlp_top/u_systolic/u_pe_arr/g_row[13].g_col[15].u_pe/acc_reg[23]_i_1__222/CO[3]
                         net (fo=1, routed)           0.000    12.162    mlp_bd_i/mlp_axi_wrapper_0/inst/u_mlp_top/u_systolic/u_pe_arr/g_row[13].g_col[15].u_pe/acc_reg[23]_i_1__222_n_0
    SLICE_X108Y9         CARRY4 (Prop_carry4_CI_CO[3])
                                                      0.117    12.279 r  mlp_bd_i/mlp_axi_wrapper_0/inst/u_mlp_top/u_systolic/u_pe_arr/g_row[13].g_col[15].u_pe/acc_reg[27]_i_1__222/CO[3]
                         net (fo=1, routed)           0.000    12.279    mlp_bd_i/mlp_axi_wrapper_0/inst/u_mlp_top/u_systolic/u_pe_arr/g_row[13].g_col[15].u_pe/acc_reg[27]_i_1__222_n_0
    SLICE_X108Y10        CARRY4 (Prop_carry4_CI_O[3])
                                                      0.315    12.594 r  mlp_bd_i/mlp_axi_wrapper_0/inst/u_mlp_top/u_systolic/u_pe_arr/g_row[13].g_col[15].u_pe/acc_reg[31]_i_1__206/O[3]
                         net (fo=1, routed)           0.000    12.594    mlp_bd_i/mlp_axi_wrapper_0/inst/u_mlp_top/u_systolic/u_pe_arr/g_row[13].g_col[15].u_pe/acc_reg[31]_i_1__206_n_4
    SLICE_X108Y10        FDCE                                         r  mlp_bd_i/mlp_axi_wrapper_0/inst/u_mlp_top/u_systolic/u_pe_arr/g_row[13].g_col[15].u_pe/acc_reg[31]/D
  -------------------------------------------------------------------    -------------------

                         (clock clk_fpga_0 rise edge)
                                                     10.000    10.000 r  
    PS7_X0Y0             PS7                          0.000    10.000 r  mlp_bd_i/processing_system7_0/inst/PS7_i/FCLKCLK[0]
                         net (fo=1, routed)           1.088    11.088    mlp_bd_i/processing_system7_0/inst/FCLK_CLK_unbuffered[0]
    BUFGCTRL_X0Y16       BUFG (Prop_bufg_I_O)         0.091    11.179 r  mlp_bd_i/processing_system7_0/inst/buffer_fclk_clk_0.FCLK_CLK_0_BUFG/O
                         net (fo=23079, routed)       1.698    12.877    mlp_bd_i/mlp_axi_wrapper_0/inst/u_mlp_top/u_systolic/u_pe_arr/g_row[13].g_col[15].u_pe/S_AXI_ACLK
    SLICE_X108Y10        FDCE                                         r  mlp_bd_i/mlp_axi_wrapper_0/inst/u_mlp_top/u_systolic/u_pe_arr/g_row[13].g_col[15].u_pe/acc_reg[31]/C
                         clock pessimism              0.230    13.107    
                         clock uncertainty           -0.154    12.953    
    SLICE_X108Y10        FDCE (Setup_fdce_C_D)        0.109    13.062    mlp_bd_i/mlp_axi_wrapper_0/inst/u_mlp_top/u_systolic/u_pe_arr/g_row[13].g_col[15].u_pe/acc_reg[31]
  -------------------------------------------------------------------
                         required time                         13.062    
                         arrival time                         -12.594    
  -------------------------------------------------------------------
                         slack                                  0.468    





Min Delay Paths
--------------------------------------------------------------------------------------
Slack (MET) :             0.015ns  (arrival time - required time)
  Source:                 mlp_bd_i/mlp_axi_wrapper_0/inst/u_mlp_top/u_systolic/u_pe_arr/g_row[11].g_col[10].u_pe/mul_reg_reg[8]/C
                            (rising edge-triggered cell FDCE clocked by clk_fpga_0  {rise@0.000ns fall@5.000ns period=10.000ns})
  Destination:            mlp_bd_i/mlp_axi_wrapper_0/inst/u_mlp_top/u_systolic/u_pe_arr/g_row[11].g_col[10].u_pe/acc_reg[8]/D
                            (rising edge-triggered cell FDCE clocked by clk_fpga_0  {rise@0.000ns fall@5.000ns period=10.000ns})
  Path Group:             clk_fpga_0
  Path Type:              Hold (Min at Fast Process Corner)
  Requirement:            0.000ns  (clk_fpga_0 rise@0.000ns - clk_fpga_0 rise@0.000ns)
  Data Path Delay:        0.414ns  (logic 0.256ns (61.774%)  route 0.158ns (38.226%))
  Logic Levels:           2  (CARRY4=1 LUT5=1)
  Clock Path Skew:        0.265ns (DCD - SCD - CPR)
    Destination Clock Delay (DCD):    1.246ns
    Source Clock Delay      (SCD):    0.951ns
    Clock Pessimism Removal (CPR):    0.030ns

    Location             Delay type                Incr(ns)  Path(ns)    Netlist Resource(s)
  -------------------------------------------------------------------    -------------------
                         (clock clk_fpga_0 rise edge)
                                                      0.000     0.000 r  
    PS7_X0Y0             PS7                          0.000     0.000 r  mlp_bd_i/processing_system7_0/inst/PS7_i/FCLKCLK[0]
                         net (fo=1, routed)           0.310     0.310    mlp_bd_i/processing_system7_0/inst/FCLK_CLK_unbuffered[0]
    BUFGCTRL_X0Y16       BUFG (Prop_bufg_I_O)         0.026     0.336 r  mlp_bd_i/processing_system7_0/inst/buffer_fclk_clk_0.FCLK_CLK_0_BUFG/O
                         net (fo=23079, routed)       0.615     0.951    mlp_bd_i/mlp_axi_wrapper_0/inst/u_mlp_top/u_systolic/u_pe_arr/g_row[11].g_col[10].u_pe/S_AXI_ACLK
    SLICE_X103Y49        FDCE                                         r  mlp_bd_i/mlp_axi_wrapper_0/inst/u_mlp_top/u_systolic/u_pe_arr/g_row[11].g_col[10].u_pe/mul_reg_reg[8]/C
  -------------------------------------------------------------------    -------------------
    SLICE_X103Y49        FDCE (Prop_fdce_C_Q)         0.141     1.092 r  mlp_bd_i/mlp_axi_wrapper_0/inst/u_mlp_top/u_systolic/u_pe_arr/g_row[11].g_col[10].u_pe/mul_reg_reg[8]/Q
                         net (fo=2, routed)           0.158     1.250    mlp_bd_i/mlp_axi_wrapper_0/inst/u_mlp_top/u_systolic/u_pe_arr/g_row[11].g_col[10].u_pe/mul_reg[8]
    SLICE_X104Y50        LUT5 (Prop_lut5_I0_O)        0.045     1.295 r  mlp_bd_i/mlp_axi_wrapper_0/inst/u_mlp_top/u_systolic/u_pe_arr/g_row[11].g_col[10].u_pe/acc[11]_i_9__148/O
                         net (fo=1, routed)           0.000     1.295    mlp_bd_i/mlp_axi_wrapper_0/inst/u_mlp_top/u_systolic/u_pe_arr/g_row[11].g_col[10].u_pe/acc[11]_i_9__148_n_0
    SLICE_X104Y50        CARRY4 (Prop_carry4_S[0]_O[0])
                                                      0.070     1.365 r  mlp_bd_i/mlp_axi_wrapper_0/inst/u_mlp_top/u_systolic/u_pe_arr/g_row[11].g_col[10].u_pe/acc_reg[11]_i_1__148/O[0]
                         net (fo=1, routed)           0.000     1.365    mlp_bd_i/mlp_axi_wrapper_0/inst/u_mlp_top/u_systolic/u_pe_arr/g_row[11].g_col[10].u_pe/acc_reg[11]_i_1__148_n_7
    SLICE_X104Y50        FDCE                                         r  mlp_bd_i/mlp_axi_wrapper_0/inst/u_mlp_top/u_systolic/u_pe_arr/g_row[11].g_col[10].u_pe/acc_reg[8]/D
  -------------------------------------------------------------------    -------------------

                         (clock clk_fpga_0 rise edge)
                                                      0.000     0.000 r  
    PS7_X0Y0             PS7                          0.000     0.000 r  mlp_bd_i/processing_system7_0/inst/PS7_i/FCLKCLK[0]
                         net (fo=1, routed)           0.337     0.337    mlp_bd_i/processing_system7_0/inst/FCLK_CLK_unbuffered[0]
    BUFGCTRL_X0Y16       BUFG (Prop_bufg_I_O)         0.029     0.366 r  mlp_bd_i/processing_system7_0/inst/buffer_fclk_clk_0.FCLK_CLK_0_BUFG/O
                         net (fo=23079, routed)       0.880     1.246    mlp_bd_i/mlp_axi_wrapper_0/inst/u_mlp_top/u_systolic/u_pe_arr/g_row[11].g_col[10].u_pe/S_AXI_ACLK
    SLICE_X104Y50        FDCE                                         r  mlp_bd_i/mlp_axi_wrapper_0/inst/u_mlp_top/u_systolic/u_pe_arr/g_row[11].g_col[10].u_pe/acc_reg[8]/C
                         clock pessimism             -0.030     1.216    
    SLICE_X104Y50        FDCE (Hold_fdce_C_D)         0.134     1.350    mlp_bd_i/mlp_axi_wrapper_0/inst/u_mlp_top/u_systolic/u_pe_arr/g_row[11].g_col[10].u_pe/acc_reg[8]
  -------------------------------------------------------------------
                         required time                         -1.350    
                         arrival time                           1.365    
  -------------------------------------------------------------------
                         slack                                  0.015    

Slack (MET) :             0.034ns  (arrival time - required time)
  Source:                 mlp_bd_i/mlp_axi_wrapper_0/inst/u_mlp_top/u_systolic/u_pe_arr/g_row[9].g_col[10].u_pe/acc_reg[9]/C
                            (rising edge-triggered cell FDCE clocked by clk_fpga_0  {rise@0.000ns fall@5.000ns period=10.000ns})
  Destination:            mlp_bd_i/mlp_axi_wrapper_0/inst/u_mlp_top/u_systolic/u_pe_arr/g_row[10].g_col[10].u_pe/acc_reg[9]/D
                            (rising edge-triggered cell FDCE clocked by clk_fpga_0  {rise@0.000ns fall@5.000ns period=10.000ns})
  Path Group:             clk_fpga_0
  Path Type:              Hold (Min at Fast Process Corner)
  Requirement:            0.000ns  (clk_fpga_0 rise@0.000ns - clk_fpga_0 rise@0.000ns)
  Data Path Delay:        0.405ns  (logic 0.251ns (61.996%)  route 0.154ns (38.004%))
  Logic Levels:           2  (CARRY4=1 LUT5=1)
  Clock Path Skew:        0.265ns (DCD - SCD - CPR)
    Destination Clock Delay (DCD):    1.245ns
    Source Clock Delay      (SCD):    0.950ns
    Clock Pessimism Removal (CPR):    0.030ns

    Location             Delay type                Incr(ns)  Path(ns)    Netlist Resource(s)
  -------------------------------------------------------------------    -------------------
                         (clock clk_fpga_0 rise edge)
                                                      0.000     0.000 r  
    PS7_X0Y0             PS7                          0.000     0.000 r  mlp_bd_i/processing_system7_0/inst/PS7_i/FCLKCLK[0]
                         net (fo=1, routed)           0.310     0.310    mlp_bd_i/processing_system7_0/inst/FCLK_CLK_unbuffered[0]
    BUFGCTRL_X0Y16       BUFG (Prop_bufg_I_O)         0.026     0.336 r  mlp_bd_i/processing_system7_0/inst/buffer_fclk_clk_0.FCLK_CLK_0_BUFG/O
                         net (fo=23079, routed)       0.614     0.950    mlp_bd_i/mlp_axi_wrapper_0/inst/u_mlp_top/u_systolic/u_pe_arr/g_row[9].g_col[10].u_pe/S_AXI_ACLK
    SLICE_X97Y49         FDCE                                         r  mlp_bd_i/mlp_axi_wrapper_0/inst/u_mlp_top/u_systolic/u_pe_arr/g_row[9].g_col[10].u_pe/acc_reg[9]/C
  -------------------------------------------------------------------    -------------------
    SLICE_X97Y49         FDCE (Prop_fdce_C_Q)         0.141     1.091 r  mlp_bd_i/mlp_axi_wrapper_0/inst/u_mlp_top/u_systolic/u_pe_arr/g_row[9].g_col[10].u_pe/acc_reg[9]/Q
                         net (fo=2, routed)           0.154     1.244    mlp_bd_i/mlp_axi_wrapper_0/inst/u_mlp_top/u_systolic/u_pe_arr/g_row[10].g_col[10].u_pe/acc_reg[31]_3[9]
    SLICE_X99Y50         LUT5 (Prop_lut5_I4_O)        0.045     1.289 r  mlp_bd_i/mlp_axi_wrapper_0/inst/u_mlp_top/u_systolic/u_pe_arr/g_row[10].g_col[10].u_pe/acc[11]_i_8__132/O
                         net (fo=1, routed)           0.000     1.289    mlp_bd_i/mlp_axi_wrapper_0/inst/u_mlp_top/u_systolic/u_pe_arr/g_row[10].g_col[10].u_pe/acc[11]_i_8__132_n_0
    SLICE_X99Y50         CARRY4 (Prop_carry4_S[1]_O[1])
                                                      0.065     1.354 r  mlp_bd_i/mlp_axi_wrapper_0/inst/u_mlp_top/u_systolic/u_pe_arr/g_row[10].g_col[10].u_pe/acc_reg[11]_i_1__132/O[1]
                         net (fo=1, routed)           0.000     1.354    mlp_bd_i/mlp_axi_wrapper_0/inst/u_mlp_top/u_systolic/u_pe_arr/g_row[10].g_col[10].u_pe/acc_reg[11]_i_1__132_n_6
    SLICE_X99Y50         FDCE                                         r  mlp_bd_i/mlp_axi_wrapper_0/inst/u_mlp_top/u_systolic/u_pe_arr/g_row[10].g_col[10].u_pe/acc_reg[9]/D
  -------------------------------------------------------------------    -------------------

                         (clock clk_fpga_0 rise edge)
                                                      0.000     0.000 r  
    PS7_X0Y0             PS7                          0.000     0.000 r  mlp_bd_i/processing_system7_0/inst/PS7_i/FCLKCLK[0]
                         net (fo=1, routed)           0.337     0.337    mlp_bd_i/processing_system7_0/inst/FCLK_CLK_unbuffered[0]
    BUFGCTRL_X0Y16       BUFG (Prop_bufg_I_O)         0.029     0.366 r  mlp_bd_i/processing_system7_0/inst/buffer_fclk_clk_0.FCLK_CLK_0_BUFG/O
                         net (fo=23079, routed)       0.879     1.245    mlp_bd_i/mlp_axi_wrapper_0/inst/u_mlp_top/u_systolic/u_pe_arr/g_row[10].g_col[10].u_pe/S_AXI_ACLK
    SLICE_X99Y50         FDCE                                         r  mlp_bd_i/mlp_axi_wrapper_0/inst/u_mlp_top/u_systolic/u_pe_arr/g_row[10].g_col[10].u_pe/acc_reg[9]/C
                         clock pessimism             -0.030     1.215    
    SLICE_X99Y50         FDCE (Hold_fdce_C_D)         0.105     1.320    mlp_bd_i/mlp_axi_wrapper_0/inst/u_mlp_top/u_systolic/u_pe_arr/g_row[10].g_col[10].u_pe/acc_reg[9]
  -------------------------------------------------------------------
                         required time                         -1.320    
                         arrival time                           1.354    
  -------------------------------------------------------------------
                         slack                                  0.034    

Slack (MET) :             0.038ns  (arrival time - required time)
  Source:                 mlp_bd_i/mlp_axi_wrapper_0/inst/u_mlp_top/u_systolic/u_pe_arr/g_row[15].g_col[7].u_pe/acc_reg[19]/C
                            (rising edge-triggered cell FDCE clocked by clk_fpga_0  {rise@0.000ns fall@5.000ns period=10.000ns})
  Destination:            mlp_bd_i/mlp_axi_wrapper_0/inst/u_mlp_top/u_systolic/u_pe_arr/g_row[15].g_col[7].u_pe/acc_reg[20]/D
                            (rising edge-triggered cell FDCE clocked by clk_fpga_0  {rise@0.000ns fall@5.000ns period=10.000ns})
  Path Group:             clk_fpga_0
  Path Type:              Hold (Min at Fast Process Corner)
  Requirement:            0.000ns  (clk_fpga_0 rise@0.000ns - clk_fpga_0 rise@0.000ns)
  Data Path Delay:        0.523ns  (logic 0.371ns (70.915%)  route 0.152ns (29.085%))
  Logic Levels:           3  (CARRY4=2 LUT5=1)
  Clock Path Skew:        0.351ns (DCD - SCD - CPR)
    Destination Clock Delay (DCD):    1.330ns
    Source Clock Delay      (SCD):    0.944ns
    Clock Pessimism Removal (CPR):    0.035ns

    Location             Delay type                Incr(ns)  Path(ns)    Netlist Resource(s)
  -------------------------------------------------------------------    -------------------
                         (clock clk_fpga_0 rise edge)
                                                      0.000     0.000 r  
    PS7_X0Y0             PS7                          0.000     0.000 r  mlp_bd_i/processing_system7_0/inst/PS7_i/FCLKCLK[0]
                         net (fo=1, routed)           0.310     0.310    mlp_bd_i/processing_system7_0/inst/FCLK_CLK_unbuffered[0]
    BUFGCTRL_X0Y16       BUFG (Prop_bufg_I_O)         0.026     0.336 r  mlp_bd_i/processing_system7_0/inst/buffer_fclk_clk_0.FCLK_CLK_0_BUFG/O
                         net (fo=23079, routed)       0.608     0.944    mlp_bd_i/mlp_axi_wrapper_0/inst/u_mlp_top/u_systolic/u_pe_arr/g_row[15].g_col[7].u_pe/S_AXI_ACLK
    SLICE_X94Y99         FDCE                                         r  mlp_bd_i/mlp_axi_wrapper_0/inst/u_mlp_top/u_systolic/u_pe_arr/g_row[15].g_col[7].u_pe/acc_reg[19]/C
  -------------------------------------------------------------------    -------------------
    SLICE_X94Y99         FDCE (Prop_fdce_C_Q)         0.164     1.108 r  mlp_bd_i/mlp_axi_wrapper_0/inst/u_mlp_top/u_systolic/u_pe_arr/g_row[15].g_col[7].u_pe/acc_reg[19]/Q
                         net (fo=2, routed)           0.151     1.259    mlp_bd_i/mlp_axi_wrapper_0/inst/u_mlp_top/u_systolic/u_pe_arr/g_row[15].g_col[7].u_pe/acc_reg_n_0_[19]
    SLICE_X94Y99         LUT5 (Prop_lut5_I2_O)        0.045     1.304 r  mlp_bd_i/mlp_axi_wrapper_0/inst/u_mlp_top/u_systolic/u_pe_arr/g_row[15].g_col[7].u_pe/acc[19]_i_6__28/O
                         net (fo=1, routed)           0.000     1.304    mlp_bd_i/mlp_axi_wrapper_0/inst/u_mlp_top/u_systolic/u_pe_arr/g_row[15].g_col[7].u_pe/acc[19]_i_6__28_n_0
    SLICE_X94Y99         CARRY4 (Prop_carry4_S[3]_CO[3])
                                                      0.109     1.413 r  mlp_bd_i/mlp_axi_wrapper_0/inst/u_mlp_top/u_systolic/u_pe_arr/g_row[15].g_col[7].u_pe/acc_reg[19]_i_1__28/CO[3]
                         net (fo=1, routed)           0.001     1.414    mlp_bd_i/mlp_axi_wrapper_0/inst/u_mlp_top/u_systolic/u_pe_arr/g_row[15].g_col[7].u_pe/acc_reg[19]_i_1__28_n_0
    SLICE_X94Y100        CARRY4 (Prop_carry4_CI_O[0])
                                                      0.053     1.467 r  mlp_bd_i/mlp_axi_wrapper_0/inst/u_mlp_top/u_systolic/u_pe_arr/g_row[15].g_col[7].u_pe/acc_reg[23]_i_1__28/O[0]
                         net (fo=1, routed)           0.000     1.467    mlp_bd_i/mlp_axi_wrapper_0/inst/u_mlp_top/u_systolic/u_pe_arr/g_row[15].g_col[7].u_pe/acc_reg[23]_i_1__28_n_7
    SLICE_X94Y100        FDCE                                         r  mlp_bd_i/mlp_axi_wrapper_0/inst/u_mlp_top/u_systolic/u_pe_arr/g_row[15].g_col[7].u_pe/acc_reg[20]/D
  -------------------------------------------------------------------    -------------------

                         (clock clk_fpga_0 rise edge)
                                                      0.000     0.000 r  
    PS7_X0Y0             PS7                          0.000     0.000 r  mlp_bd_i/processing_system7_0/inst/PS7_i/FCLKCLK[0]
                         net (fo=1, routed)           0.337     0.337    mlp_bd_i/processing_system7_0/inst/FCLK_CLK_unbuffered[0]
    BUFGCTRL_X0Y16       BUFG (Prop_bufg_I_O)         0.029     0.366 r  mlp_bd_i/processing_system7_0/inst/buffer_fclk_clk_0.FCLK_CLK_0_BUFG/O
                         net (fo=23079, routed)       0.964     1.330    mlp_bd_i/mlp_axi_wrapper_0/inst/u_mlp_top/u_systolic/u_pe_arr/g_row[15].g_col[7].u_pe/S_AXI_ACLK
    SLICE_X94Y100        FDCE                                         r  mlp_bd_i/mlp_axi_wrapper_0/inst/u_mlp_top/u_systolic/u_pe_arr/g_row[15].g_col[7].u_pe/acc_reg[20]/C
                         clock pessimism             -0.035     1.295    
    SLICE_X94Y100        FDCE (Hold_fdce_C_D)         0.134     1.429    mlp_bd_i/mlp_axi_wrapper_0/inst/u_mlp_top/u_systolic/u_pe_arr/g_row[15].g_col[7].u_pe/acc_reg[20]
  -------------------------------------------------------------------
                         required time                         -1.429    
                         arrival time                           1.467    
  -------------------------------------------------------------------
                         slack                                  0.038    

Slack (MET) :             0.038ns  (arrival time - required time)
  Source:                 mlp_bd_i/mlp_axi_wrapper_0/inst/u_mlp_top/u_systolic/u_pe_arr/g_row[15].g_col[6].u_pe/acc_reg[27]/C
                            (rising edge-triggered cell FDCE clocked by clk_fpga_0  {rise@0.000ns fall@5.000ns period=10.000ns})
  Destination:            mlp_bd_i/mlp_axi_wrapper_0/inst/u_mlp_top/u_systolic/u_pe_arr/g_row[15].g_col[6].u_pe/acc_reg[28]/D
                            (rising edge-triggered cell FDCE clocked by clk_fpga_0  {rise@0.000ns fall@5.000ns period=10.000ns})
  Path Group:             clk_fpga_0
  Path Type:              Hold (Min at Fast Process Corner)
  Requirement:            0.000ns  (clk_fpga_0 rise@0.000ns - clk_fpga_0 rise@0.000ns)
  Data Path Delay:        0.523ns  (logic 0.371ns (70.915%)  route 0.152ns (29.085%))
  Logic Levels:           3  (CARRY4=2 LUT5=1)
  Clock Path Skew:        0.351ns (DCD - SCD - CPR)
    Destination Clock Delay (DCD):    1.329ns
    Source Clock Delay      (SCD):    0.943ns
    Clock Pessimism Removal (CPR):    0.035ns

    Location             Delay type                Incr(ns)  Path(ns)    Netlist Resource(s)
  -------------------------------------------------------------------    -------------------
                         (clock clk_fpga_0 rise edge)
                                                      0.000     0.000 r  
    PS7_X0Y0             PS7                          0.000     0.000 r  mlp_bd_i/processing_system7_0/inst/PS7_i/FCLKCLK[0]
                         net (fo=1, routed)           0.310     0.310    mlp_bd_i/processing_system7_0/inst/FCLK_CLK_unbuffered[0]
    BUFGCTRL_X0Y16       BUFG (Prop_bufg_I_O)         0.026     0.336 r  mlp_bd_i/processing_system7_0/inst/buffer_fclk_clk_0.FCLK_CLK_0_BUFG/O
                         net (fo=23079, routed)       0.607     0.943    mlp_bd_i/mlp_axi_wrapper_0/inst/u_mlp_top/u_systolic/u_pe_arr/g_row[15].g_col[6].u_pe/S_AXI_ACLK
    SLICE_X92Y99         FDCE                                         r  mlp_bd_i/mlp_axi_wrapper_0/inst/u_mlp_top/u_systolic/u_pe_arr/g_row[15].g_col[6].u_pe/acc_reg[27]/C
  -------------------------------------------------------------------    -------------------
    SLICE_X92Y99         FDCE (Prop_fdce_C_Q)         0.164     1.107 r  mlp_bd_i/mlp_axi_wrapper_0/inst/u_mlp_top/u_systolic/u_pe_arr/g_row[15].g_col[6].u_pe/acc_reg[27]/Q
                         net (fo=2, routed)           0.151     1.258    mlp_bd_i/mlp_axi_wrapper_0/inst/u_mlp_top/u_systolic/u_pe_arr/g_row[15].g_col[6].u_pe/acc_reg_n_0_[27]
    SLICE_X92Y99         LUT5 (Prop_lut5_I2_O)        0.045     1.303 r  mlp_bd_i/mlp_axi_wrapper_0/inst/u_mlp_top/u_systolic/u_pe_arr/g_row[15].g_col[6].u_pe/acc[27]_i_6__29/O
                         net (fo=1, routed)           0.000     1.303    mlp_bd_i/mlp_axi_wrapper_0/inst/u_mlp_top/u_systolic/u_pe_arr/g_row[15].g_col[6].u_pe/acc[27]_i_6__29_n_0
    SLICE_X92Y99         CARRY4 (Prop_carry4_S[3]_CO[3])
                                                      0.109     1.412 r  mlp_bd_i/mlp_axi_wrapper_0/inst/u_mlp_top/u_systolic/u_pe_arr/g_row[15].g_col[6].u_pe/acc_reg[27]_i_1__29/CO[3]
                         net (fo=1, routed)           0.001     1.413    mlp_bd_i/mlp_axi_wrapper_0/inst/u_mlp_top/u_systolic/u_pe_arr/g_row[15].g_col[6].u_pe/acc_reg[27]_i_1__29_n_0
    SLICE_X92Y100        CARRY4 (Prop_carry4_CI_O[0])
                                                      0.053     1.466 r  mlp_bd_i/mlp_axi_wrapper_0/inst/u_mlp_top/u_systolic/u_pe_arr/g_row[15].g_col[6].u_pe/acc_reg[31]_i_1__23/O[0]
                         net (fo=1, routed)           0.000     1.466    mlp_bd_i/mlp_axi_wrapper_0/inst/u_mlp_top/u_systolic/u_pe_arr/g_row[15].g_col[6].u_pe/acc_reg[31]_i_1__23_n_7
    SLICE_X92Y100        FDCE                                         r  mlp_bd_i/mlp_axi_wrapper_0/inst/u_mlp_top/u_systolic/u_pe_arr/g_row[15].g_col[6].u_pe/acc_reg[28]/D
  -------------------------------------------------------------------    -------------------

                         (clock clk_fpga_0 rise edge)
                                                      0.000     0.000 r  
    PS7_X0Y0             PS7                          0.000     0.000 r  mlp_bd_i/processing_system7_0/inst/PS7_i/FCLKCLK[0]
                         net (fo=1, routed)           0.337     0.337    mlp_bd_i/processing_system7_0/inst/FCLK_CLK_unbuffered[0]
    BUFGCTRL_X0Y16       BUFG (Prop_bufg_I_O)         0.029     0.366 r  mlp_bd_i/processing_system7_0/inst/buffer_fclk_clk_0.FCLK_CLK_0_BUFG/O
                         net (fo=23079, routed)       0.963     1.329    mlp_bd_i/mlp_axi_wrapper_0/inst/u_mlp_top/u_systolic/u_pe_arr/g_row[15].g_col[6].u_pe/S_AXI_ACLK
    SLICE_X92Y100        FDCE                                         r  mlp_bd_i/mlp_axi_wrapper_0/inst/u_mlp_top/u_systolic/u_pe_arr/g_row[15].g_col[6].u_pe/acc_reg[28]/C
                         clock pessimism             -0.035     1.294    
    SLICE_X92Y100        FDCE (Hold_fdce_C_D)         0.134     1.428    mlp_bd_i/mlp_axi_wrapper_0/inst/u_mlp_top/u_systolic/u_pe_arr/g_row[15].g_col[6].u_pe/acc_reg[28]
  -------------------------------------------------------------------
                         required time                         -1.428    
                         arrival time                           1.466    
  -------------------------------------------------------------------
                         slack                                  0.038    

Slack (MET) :             0.038ns  (arrival time - required time)
  Source:                 mlp_bd_i/mlp_axi_wrapper_0/inst/u_mlp_top/u_systolic/u_pe_arr/g_row[9].g_col[7].u_pe/acc_reg[15]/C
                            (rising edge-triggered cell FDCE clocked by clk_fpga_0  {rise@0.000ns fall@5.000ns period=10.000ns})
  Destination:            mlp_bd_i/mlp_axi_wrapper_0/inst/u_mlp_top/u_systolic/u_pe_arr/g_row[9].g_col[7].u_pe/acc_reg[16]/D
                            (rising edge-triggered cell FDCE clocked by clk_fpga_0  {rise@0.000ns fall@5.000ns period=10.000ns})
  Path Group:             clk_fpga_0
  Path Type:              Hold (Min at Fast Process Corner)
  Requirement:            0.000ns  (clk_fpga_0 rise@0.000ns - clk_fpga_0 rise@0.000ns)
  Data Path Delay:        0.523ns  (logic 0.371ns (70.915%)  route 0.152ns (29.085%))
  Logic Levels:           3  (CARRY4=2 LUT5=1)
  Clock Path Skew:        0.351ns (DCD - SCD - CPR)
    Destination Clock Delay (DCD):    1.358ns
    Source Clock Delay      (SCD):    0.972ns
    Clock Pessimism Removal (CPR):    0.035ns

    Location             Delay type                Incr(ns)  Path(ns)    Netlist Resource(s)
  -------------------------------------------------------------------    -------------------
                         (clock clk_fpga_0 rise edge)
                                                      0.000     0.000 r  
    PS7_X0Y0             PS7                          0.000     0.000 r  mlp_bd_i/processing_system7_0/inst/PS7_i/FCLKCLK[0]
                         net (fo=1, routed)           0.310     0.310    mlp_bd_i/processing_system7_0/inst/FCLK_CLK_unbuffered[0]
    BUFGCTRL_X0Y16       BUFG (Prop_bufg_I_O)         0.026     0.336 r  mlp_bd_i/processing_system7_0/inst/buffer_fclk_clk_0.FCLK_CLK_0_BUFG/O
                         net (fo=23079, routed)       0.636     0.972    mlp_bd_i/mlp_axi_wrapper_0/inst/u_mlp_top/u_systolic/u_pe_arr/g_row[9].g_col[7].u_pe/S_AXI_ACLK
    SLICE_X108Y99        FDCE                                         r  mlp_bd_i/mlp_axi_wrapper_0/inst/u_mlp_top/u_systolic/u_pe_arr/g_row[9].g_col[7].u_pe/acc_reg[15]/C
  -------------------------------------------------------------------    -------------------
    SLICE_X108Y99        FDCE (Prop_fdce_C_Q)         0.164     1.136 r  mlp_bd_i/mlp_axi_wrapper_0/inst/u_mlp_top/u_systolic/u_pe_arr/g_row[9].g_col[7].u_pe/acc_reg[15]/Q
                         net (fo=2, routed)           0.151     1.287    mlp_bd_i/mlp_axi_wrapper_0/inst/u_mlp_top/u_systolic/u_pe_arr/g_row[9].g_col[7].u_pe/acc_reg[31]_0[15]
    SLICE_X108Y99        LUT5 (Prop_lut5_I2_O)        0.045     1.332 r  mlp_bd_i/mlp_axi_wrapper_0/inst/u_mlp_top/u_systolic/u_pe_arr/g_row[9].g_col[7].u_pe/acc[15]_i_6__2/O
                         net (fo=1, routed)           0.000     1.332    mlp_bd_i/mlp_axi_wrapper_0/inst/u_mlp_top/u_systolic/u_pe_arr/g_row[9].g_col[7].u_pe/acc[15]_i_6__2_n_0
    SLICE_X108Y99        CARRY4 (Prop_carry4_S[3]_CO[3])
                                                      0.109     1.441 r  mlp_bd_i/mlp_axi_wrapper_0/inst/u_mlp_top/u_systolic/u_pe_arr/g_row[9].g_col[7].u_pe/acc_reg[15]_i_1__2/CO[3]
                         net (fo=1, routed)           0.001     1.442    mlp_bd_i/mlp_axi_wrapper_0/inst/u_mlp_top/u_systolic/u_pe_arr/g_row[9].g_col[7].u_pe/acc_reg[15]_i_1__2_n_0
    SLICE_X108Y100       CARRY4 (Prop_carry4_CI_O[0])
                                                      0.053     1.495 r  mlp_bd_i/mlp_axi_wrapper_0/inst/u_mlp_top/u_systolic/u_pe_arr/g_row[9].g_col[7].u_pe/acc_reg[19]_i_1__7/O[0]
                         net (fo=1, routed)           0.000     1.495    mlp_bd_i/mlp_axi_wrapper_0/inst/u_mlp_top/u_systolic/u_pe_arr/g_row[9].g_col[7].u_pe/acc_reg[19]_i_1__7_n_7
    SLICE_X108Y100       FDCE                                         r  mlp_bd_i/mlp_axi_wrapper_0/inst/u_mlp_top/u_systolic/u_pe_arr/g_row[9].g_col[7].u_pe/acc_reg[16]/D
  -------------------------------------------------------------------    -------------------

                         (clock clk_fpga_0 rise edge)
                                                      0.000     0.000 r  
    PS7_X0Y0             PS7                          0.000     0.000 r  mlp_bd_i/processing_system7_0/inst/PS7_i/FCLKCLK[0]
                         net (fo=1, routed)           0.337     0.337    mlp_bd_i/processing_system7_0/inst/FCLK_CLK_unbuffered[0]
    BUFGCTRL_X0Y16       BUFG (Prop_bufg_I_O)         0.029     0.366 r  mlp_bd_i/processing_system7_0/inst/buffer_fclk_clk_0.FCLK_CLK_0_BUFG/O
                         net (fo=23079, routed)       0.992     1.358    mlp_bd_i/mlp_axi_wrapper_0/inst/u_mlp_top/u_systolic/u_pe_arr/g_row[9].g_col[7].u_pe/S_AXI_ACLK
    SLICE_X108Y100       FDCE                                         r  mlp_bd_i/mlp_axi_wrapper_0/inst/u_mlp_top/u_systolic/u_pe_arr/g_row[9].g_col[7].u_pe/acc_reg[16]/C
                         clock pessimism             -0.035     1.323    
    SLICE_X108Y100       FDCE (Hold_fdce_C_D)         0.134     1.457    mlp_bd_i/mlp_axi_wrapper_0/inst/u_mlp_top/u_systolic/u_pe_arr/g_row[9].g_col[7].u_pe/acc_reg[16]
  -------------------------------------------------------------------
                         required time                         -1.457    
                         arrival time                           1.495    
  -------------------------------------------------------------------
                         slack                                  0.038    

Slack (MET) :             0.040ns  (arrival time - required time)
  Source:                 mlp_bd_i/mlp_axi_wrapper_0/inst/u_mlp_top/u_systolic/u_pe_arr/g_row[8].g_col[10].u_pe/top_reg_reg[4]/C
                            (rising edge-triggered cell FDCE clocked by clk_fpga_0  {rise@0.000ns fall@5.000ns period=10.000ns})
  Destination:            mlp_bd_i/mlp_axi_wrapper_0/inst/u_mlp_top/u_systolic/u_pe_arr/g_row[9].g_col[10].u_pe/top_reg_reg[4]/D
                            (rising edge-triggered cell FDCE clocked by clk_fpga_0  {rise@0.000ns fall@5.000ns period=10.000ns})
  Path Group:             clk_fpga_0
  Path Type:              Hold (Min at Fast Process Corner)
  Requirement:            0.000ns  (clk_fpga_0 rise@0.000ns - clk_fpga_0 rise@0.000ns)
  Data Path Delay:        0.368ns  (logic 0.141ns (38.292%)  route 0.227ns (61.708%))
  Logic Levels:           0  
  Clock Path Skew:        0.265ns (DCD - SCD - CPR)
    Destination Clock Delay (DCD):    1.245ns
    Source Clock Delay      (SCD):    0.950ns
    Clock Pessimism Removal (CPR):    0.030ns

    Location             Delay type                Incr(ns)  Path(ns)    Netlist Resource(s)
  -------------------------------------------------------------------    -------------------
                         (clock clk_fpga_0 rise edge)
                                                      0.000     0.000 r  
    PS7_X0Y0             PS7                          0.000     0.000 r  mlp_bd_i/processing_system7_0/inst/PS7_i/FCLKCLK[0]
                         net (fo=1, routed)           0.310     0.310    mlp_bd_i/processing_system7_0/inst/FCLK_CLK_unbuffered[0]
    BUFGCTRL_X0Y16       BUFG (Prop_bufg_I_O)         0.026     0.336 r  mlp_bd_i/processing_system7_0/inst/buffer_fclk_clk_0.FCLK_CLK_0_BUFG/O
                         net (fo=23079, routed)       0.614     0.950    mlp_bd_i/mlp_axi_wrapper_0/inst/u_mlp_top/u_systolic/u_pe_arr/g_row[8].g_col[10].u_pe/S_AXI_ACLK
    SLICE_X95Y49         FDCE                                         r  mlp_bd_i/mlp_axi_wrapper_0/inst/u_mlp_top/u_systolic/u_pe_arr/g_row[8].g_col[10].u_pe/top_reg_reg[4]/C
  -------------------------------------------------------------------    -------------------
    SLICE_X95Y49         FDCE (Prop_fdce_C_Q)         0.141     1.091 r  mlp_bd_i/mlp_axi_wrapper_0/inst/u_mlp_top/u_systolic/u_pe_arr/g_row[8].g_col[10].u_pe/top_reg_reg[4]/Q
                         net (fo=18, routed)          0.227     1.318    mlp_bd_i/mlp_axi_wrapper_0/inst/u_mlp_top/u_systolic/u_pe_arr/g_row[9].g_col[10].u_pe/D[4]
    SLICE_X100Y50        FDCE                                         r  mlp_bd_i/mlp_axi_wrapper_0/inst/u_mlp_top/u_systolic/u_pe_arr/g_row[9].g_col[10].u_pe/top_reg_reg[4]/D
  -------------------------------------------------------------------    -------------------

                         (clock clk_fpga_0 rise edge)
                                                      0.000     0.000 r  
    PS7_X0Y0             PS7                          0.000     0.000 r  mlp_bd_i/processing_system7_0/inst/PS7_i/FCLKCLK[0]
                         net (fo=1, routed)           0.337     0.337    mlp_bd_i/processing_system7_0/inst/FCLK_CLK_unbuffered[0]
    BUFGCTRL_X0Y16       BUFG (Prop_bufg_I_O)         0.029     0.366 r  mlp_bd_i/processing_system7_0/inst/buffer_fclk_clk_0.FCLK_CLK_0_BUFG/O
                         net (fo=23079, routed)       0.879     1.245    mlp_bd_i/mlp_axi_wrapper_0/inst/u_mlp_top/u_systolic/u_pe_arr/g_row[9].g_col[10].u_pe/S_AXI_ACLK
    SLICE_X100Y50        FDCE                                         r  mlp_bd_i/mlp_axi_wrapper_0/inst/u_mlp_top/u_systolic/u_pe_arr/g_row[9].g_col[10].u_pe/top_reg_reg[4]/C
                         clock pessimism             -0.030     1.215    
    SLICE_X100Y50        FDCE (Hold_fdce_C_D)         0.063     1.278    mlp_bd_i/mlp_axi_wrapper_0/inst/u_mlp_top/u_systolic/u_pe_arr/g_row[9].g_col[10].u_pe/top_reg_reg[4]
  -------------------------------------------------------------------
                         required time                         -1.278    
                         arrival time                           1.318    
  -------------------------------------------------------------------
                         slack                                  0.040    

Slack (MET) :             0.043ns  (arrival time - required time)
  Source:                 mlp_bd_i/mlp_axi_wrapper_0/inst/u_mlp_top/u_systolic/u_pe_arr/g_row[13].g_col[2].u_pe/acc_reg[15]/C
                            (rising edge-triggered cell FDCE clocked by clk_fpga_0  {rise@0.000ns fall@5.000ns period=10.000ns})
  Destination:            mlp_bd_i/mlp_axi_wrapper_0/inst/u_mlp_top/u_systolic/u_pe_arr/g_row[14].g_col[2].u_pe/acc_reg[15]/D
                            (rising edge-triggered cell FDCE clocked by clk_fpga_0  {rise@0.000ns fall@5.000ns period=10.000ns})
  Path Group:             clk_fpga_0
  Path Type:              Hold (Min at Fast Process Corner)
  Requirement:            0.000ns  (clk_fpga_0 rise@0.000ns - clk_fpga_0 rise@0.000ns)
  Data Path Delay:        0.438ns  (logic 0.250ns (57.020%)  route 0.188ns (42.980%))
  Logic Levels:           2  (CARRY4=1 LUT5=1)
  Clock Path Skew:        0.261ns (DCD - SCD - CPR)
    Destination Clock Delay (DCD):    1.185ns
    Source Clock Delay      (SCD):    0.889ns
    Clock Pessimism Removal (CPR):    0.035ns

    Location             Delay type                Incr(ns)  Path(ns)    Netlist Resource(s)
  -------------------------------------------------------------------    -------------------
                         (clock clk_fpga_0 rise edge)
                                                      0.000     0.000 r  
    PS7_X0Y0             PS7                          0.000     0.000 r  mlp_bd_i/processing_system7_0/inst/PS7_i/FCLKCLK[0]
                         net (fo=1, routed)           0.310     0.310    mlp_bd_i/processing_system7_0/inst/FCLK_CLK_unbuffered[0]
    BUFGCTRL_X0Y16       BUFG (Prop_bufg_I_O)         0.026     0.336 r  mlp_bd_i/processing_system7_0/inst/buffer_fclk_clk_0.FCLK_CLK_0_BUFG/O
                         net (fo=23079, routed)       0.553     0.889    mlp_bd_i/mlp_axi_wrapper_0/inst/u_mlp_top/u_systolic/u_pe_arr/g_row[13].g_col[2].u_pe/S_AXI_ACLK
    SLICE_X49Y61         FDCE                                         r  mlp_bd_i/mlp_axi_wrapper_0/inst/u_mlp_top/u_systolic/u_pe_arr/g_row[13].g_col[2].u_pe/acc_reg[15]/C
  -------------------------------------------------------------------    -------------------
    SLICE_X49Y61         FDCE (Prop_fdce_C_Q)         0.141     1.030 r  mlp_bd_i/mlp_axi_wrapper_0/inst/u_mlp_top/u_systolic/u_pe_arr/g_row[13].g_col[2].u_pe/acc_reg[15]/Q
                         net (fo=2, routed)           0.188     1.218    mlp_bd_i/mlp_axi_wrapper_0/inst/u_mlp_top/u_systolic/u_pe_arr/g_row[14].g_col[2].u_pe/acc_reg[31]_2[15]
    SLICE_X50Y59         LUT5 (Prop_lut5_I4_O)        0.045     1.263 r  mlp_bd_i/mlp_axi_wrapper_0/inst/u_mlp_top/u_systolic/u_pe_arr/g_row[14].g_col[2].u_pe/acc[15]_i_6__92/O
                         net (fo=1, routed)           0.000     1.263    mlp_bd_i/mlp_axi_wrapper_0/inst/u_mlp_top/u_systolic/u_pe_arr/g_row[14].g_col[2].u_pe/acc[15]_i_6__92_n_0
    SLICE_X50Y59         CARRY4 (Prop_carry4_S[3]_O[3])
                                                      0.064     1.327 r  mlp_bd_i/mlp_axi_wrapper_0/inst/u_mlp_top/u_systolic/u_pe_arr/g_row[14].g_col[2].u_pe/acc_reg[15]_i_1__85/O[3]
                         net (fo=1, routed)           0.000     1.327    mlp_bd_i/mlp_axi_wrapper_0/inst/u_mlp_top/u_systolic/u_pe_arr/g_row[14].g_col[2].u_pe/acc_reg[15]_i_1__85_n_4
    SLICE_X50Y59         FDCE                                         r  mlp_bd_i/mlp_axi_wrapper_0/inst/u_mlp_top/u_systolic/u_pe_arr/g_row[14].g_col[2].u_pe/acc_reg[15]/D
  -------------------------------------------------------------------    -------------------

                         (clock clk_fpga_0 rise edge)
                                                      0.000     0.000 r  
    PS7_X0Y0             PS7                          0.000     0.000 r  mlp_bd_i/processing_system7_0/inst/PS7_i/FCLKCLK[0]
                         net (fo=1, routed)           0.337     0.337    mlp_bd_i/processing_system7_0/inst/FCLK_CLK_unbuffered[0]
    BUFGCTRL_X0Y16       BUFG (Prop_bufg_I_O)         0.029     0.366 r  mlp_bd_i/processing_system7_0/inst/buffer_fclk_clk_0.FCLK_CLK_0_BUFG/O
                         net (fo=23079, routed)       0.819     1.185    mlp_bd_i/mlp_axi_wrapper_0/inst/u_mlp_top/u_systolic/u_pe_arr/g_row[14].g_col[2].u_pe/S_AXI_ACLK
    SLICE_X50Y59         FDCE                                         r  mlp_bd_i/mlp_axi_wrapper_0/inst/u_mlp_top/u_systolic/u_pe_arr/g_row[14].g_col[2].u_pe/acc_reg[15]/C
                         clock pessimism             -0.035     1.150    
    SLICE_X50Y59         FDCE (Hold_fdce_C_D)         0.134     1.284    mlp_bd_i/mlp_axi_wrapper_0/inst/u_mlp_top/u_systolic/u_pe_arr/g_row[14].g_col[2].u_pe/acc_reg[15]
  -------------------------------------------------------------------
                         required time                         -1.284    
                         arrival time                           1.327    
  -------------------------------------------------------------------
                         slack                                  0.043    

Slack (MET) :             0.044ns  (arrival time - required time)
  Source:                 mlp_bd_i/mlp_axi_wrapper_0/inst/u_mlp_top/u_systolic/u_pe_arr/g_row[13].g_col[2].u_pe/acc_reg[27]/C
                            (rising edge-triggered cell FDCE clocked by clk_fpga_0  {rise@0.000ns fall@5.000ns period=10.000ns})
  Destination:            mlp_bd_i/mlp_axi_wrapper_0/inst/u_mlp_top/u_systolic/u_pe_arr/g_row[14].g_col[2].u_pe/acc_reg[27]/D
                            (rising edge-triggered cell FDCE clocked by clk_fpga_0  {rise@0.000ns fall@5.000ns period=10.000ns})
  Path Group:             clk_fpga_0
  Path Type:              Hold (Min at Fast Process Corner)
  Requirement:            0.000ns  (clk_fpga_0 rise@0.000ns - clk_fpga_0 rise@0.000ns)
  Data Path Delay:        0.438ns  (logic 0.250ns (57.020%)  route 0.188ns (42.980%))
  Logic Levels:           2  (CARRY4=1 LUT5=1)
  Clock Path Skew:        0.260ns (DCD - SCD - CPR)
    Destination Clock Delay (DCD):    1.182ns
    Source Clock Delay      (SCD):    0.887ns
    Clock Pessimism Removal (CPR):    0.035ns

    Location             Delay type                Incr(ns)  Path(ns)    Netlist Resource(s)
  -------------------------------------------------------------------    -------------------
                         (clock clk_fpga_0 rise edge)
                                                      0.000     0.000 r  
    PS7_X0Y0             PS7                          0.000     0.000 r  mlp_bd_i/processing_system7_0/inst/PS7_i/FCLKCLK[0]
                         net (fo=1, routed)           0.310     0.310    mlp_bd_i/processing_system7_0/inst/FCLK_CLK_unbuffered[0]
    BUFGCTRL_X0Y16       BUFG (Prop_bufg_I_O)         0.026     0.336 r  mlp_bd_i/processing_system7_0/inst/buffer_fclk_clk_0.FCLK_CLK_0_BUFG/O
                         net (fo=23079, routed)       0.551     0.887    mlp_bd_i/mlp_axi_wrapper_0/inst/u_mlp_top/u_systolic/u_pe_arr/g_row[13].g_col[2].u_pe/S_AXI_ACLK
    SLICE_X49Y64         FDCE                                         r  mlp_bd_i/mlp_axi_wrapper_0/inst/u_mlp_top/u_systolic/u_pe_arr/g_row[13].g_col[2].u_pe/acc_reg[27]/C
  -------------------------------------------------------------------    -------------------
    SLICE_X49Y64         FDCE (Prop_fdce_C_Q)         0.141     1.028 r  mlp_bd_i/mlp_axi_wrapper_0/inst/u_mlp_top/u_systolic/u_pe_arr/g_row[13].g_col[2].u_pe/acc_reg[27]/Q
                         net (fo=2, routed)           0.188     1.216    mlp_bd_i/mlp_axi_wrapper_0/inst/u_mlp_top/u_systolic/u_pe_arr/g_row[14].g_col[2].u_pe/acc_reg[31]_2[27]
    SLICE_X50Y62         LUT5 (Prop_lut5_I4_O)        0.045     1.261 r  mlp_bd_i/mlp_axi_wrapper_0/inst/u_mlp_top/u_systolic/u_pe_arr/g_row[14].g_col[2].u_pe/acc[27]_i_6__93/O
                         net (fo=1, routed)           0.000     1.261    mlp_bd_i/mlp_axi_wrapper_0/inst/u_mlp_top/u_systolic/u_pe_arr/g_row[14].g_col[2].u_pe/acc[27]_i_6__93_n_0
    SLICE_X50Y62         CARRY4 (Prop_carry4_S[3]_O[3])
                                                      0.064     1.325 r  mlp_bd_i/mlp_axi_wrapper_0/inst/u_mlp_top/u_systolic/u_pe_arr/g_row[14].g_col[2].u_pe/acc_reg[27]_i_1__93/O[3]
                         net (fo=1, routed)           0.000     1.325    mlp_bd_i/mlp_axi_wrapper_0/inst/u_mlp_top/u_systolic/u_pe_arr/g_row[14].g_col[2].u_pe/acc_reg[27]_i_1__93_n_4
    SLICE_X50Y62         FDCE                                         r  mlp_bd_i/mlp_axi_wrapper_0/inst/u_mlp_top/u_systolic/u_pe_arr/g_row[14].g_col[2].u_pe/acc_reg[27]/D
  -------------------------------------------------------------------    -------------------

                         (clock clk_fpga_0 rise edge)
                                                      0.000     0.000 r  
    PS7_X0Y0             PS7                          0.000     0.000 r  mlp_bd_i/processing_system7_0/inst/PS7_i/FCLKCLK[0]
                         net (fo=1, routed)           0.337     0.337    mlp_bd_i/processing_system7_0/inst/FCLK_CLK_unbuffered[0]
    BUFGCTRL_X0Y16       BUFG (Prop_bufg_I_O)         0.029     0.366 r  mlp_bd_i/processing_system7_0/inst/buffer_fclk_clk_0.FCLK_CLK_0_BUFG/O
                         net (fo=23079, routed)       0.816     1.182    mlp_bd_i/mlp_axi_wrapper_0/inst/u_mlp_top/u_systolic/u_pe_arr/g_row[14].g_col[2].u_pe/S_AXI_ACLK
    SLICE_X50Y62         FDCE                                         r  mlp_bd_i/mlp_axi_wrapper_0/inst/u_mlp_top/u_systolic/u_pe_arr/g_row[14].g_col[2].u_pe/acc_reg[27]/C
                         clock pessimism             -0.035     1.147    
    SLICE_X50Y62         FDCE (Hold_fdce_C_D)         0.134     1.281    mlp_bd_i/mlp_axi_wrapper_0/inst/u_mlp_top/u_systolic/u_pe_arr/g_row[14].g_col[2].u_pe/acc_reg[27]
  -------------------------------------------------------------------
                         required time                         -1.281    
                         arrival time                           1.325    
  -------------------------------------------------------------------
                         slack                                  0.044    

Slack (MET) :             0.044ns  (arrival time - required time)
  Source:                 mlp_bd_i/mlp_axi_wrapper_0/inst/u_mlp_top/u_systolic/u_pe_arr/g_row[13].g_col[2].u_pe/acc_reg[7]/C
                            (rising edge-triggered cell FDCE clocked by clk_fpga_0  {rise@0.000ns fall@5.000ns period=10.000ns})
  Destination:            mlp_bd_i/mlp_axi_wrapper_0/inst/u_mlp_top/u_systolic/u_pe_arr/g_row[14].g_col[2].u_pe/acc_reg[7]/D
                            (rising edge-triggered cell FDCE clocked by clk_fpga_0  {rise@0.000ns fall@5.000ns period=10.000ns})
  Path Group:             clk_fpga_0
  Path Type:              Hold (Min at Fast Process Corner)
  Requirement:            0.000ns  (clk_fpga_0 rise@0.000ns - clk_fpga_0 rise@0.000ns)
  Data Path Delay:        0.438ns  (logic 0.250ns (57.020%)  route 0.188ns (42.980%))
  Logic Levels:           2  (CARRY4=1 LUT5=1)
  Clock Path Skew:        0.260ns (DCD - SCD - CPR)
    Destination Clock Delay (DCD):    1.185ns
    Source Clock Delay      (SCD):    0.890ns
    Clock Pessimism Removal (CPR):    0.035ns

    Location             Delay type                Incr(ns)  Path(ns)    Netlist Resource(s)
  -------------------------------------------------------------------    -------------------
                         (clock clk_fpga_0 rise edge)
                                                      0.000     0.000 r  
    PS7_X0Y0             PS7                          0.000     0.000 r  mlp_bd_i/processing_system7_0/inst/PS7_i/FCLKCLK[0]
                         net (fo=1, routed)           0.310     0.310    mlp_bd_i/processing_system7_0/inst/FCLK_CLK_unbuffered[0]
    BUFGCTRL_X0Y16       BUFG (Prop_bufg_I_O)         0.026     0.336 r  mlp_bd_i/processing_system7_0/inst/buffer_fclk_clk_0.FCLK_CLK_0_BUFG/O
                         net (fo=23079, routed)       0.554     0.890    mlp_bd_i/mlp_axi_wrapper_0/inst/u_mlp_top/u_systolic/u_pe_arr/g_row[13].g_col[2].u_pe/S_AXI_ACLK
    SLICE_X49Y59         FDCE                                         r  mlp_bd_i/mlp_axi_wrapper_0/inst/u_mlp_top/u_systolic/u_pe_arr/g_row[13].g_col[2].u_pe/acc_reg[7]/C
  -------------------------------------------------------------------    -------------------
    SLICE_X49Y59         FDCE (Prop_fdce_C_Q)         0.141     1.031 r  mlp_bd_i/mlp_axi_wrapper_0/inst/u_mlp_top/u_systolic/u_pe_arr/g_row[13].g_col[2].u_pe/acc_reg[7]/Q
                         net (fo=2, routed)           0.188     1.219    mlp_bd_i/mlp_axi_wrapper_0/inst/u_mlp_top/u_systolic/u_pe_arr/g_row[14].g_col[2].u_pe/acc_reg[31]_2[7]
    SLICE_X50Y57         LUT5 (Prop_lut5_I4_O)        0.045     1.264 r  mlp_bd_i/mlp_axi_wrapper_0/inst/u_mlp_top/u_systolic/u_pe_arr/g_row[14].g_col[2].u_pe/acc[7]_i_6__93/O
                         net (fo=1, routed)           0.000     1.264    mlp_bd_i/mlp_axi_wrapper_0/inst/u_mlp_top/u_systolic/u_pe_arr/g_row[14].g_col[2].u_pe/acc[7]_i_6__93_n_0
    SLICE_X50Y57         CARRY4 (Prop_carry4_S[3]_O[3])
                                                      0.064     1.328 r  mlp_bd_i/mlp_axi_wrapper_0/inst/u_mlp_top/u_systolic/u_pe_arr/g_row[14].g_col[2].u_pe/acc_reg[7]_i_1__93/O[3]
                         net (fo=1, routed)           0.000     1.328    mlp_bd_i/mlp_axi_wrapper_0/inst/u_mlp_top/u_systolic/u_pe_arr/g_row[14].g_col[2].u_pe/acc_reg[7]_i_1__93_n_4
    SLICE_X50Y57         FDCE                                         r  mlp_bd_i/mlp_axi_wrapper_0/inst/u_mlp_top/u_systolic/u_pe_arr/g_row[14].g_col[2].u_pe/acc_reg[7]/D
  -------------------------------------------------------------------    -------------------

                         (clock clk_fpga_0 rise edge)
                                                      0.000     0.000 r  
    PS7_X0Y0             PS7                          0.000     0.000 r  mlp_bd_i/processing_system7_0/inst/PS7_i/FCLKCLK[0]
                         net (fo=1, routed)           0.337     0.337    mlp_bd_i/processing_system7_0/inst/FCLK_CLK_unbuffered[0]
    BUFGCTRL_X0Y16       BUFG (Prop_bufg_I_O)         0.029     0.366 r  mlp_bd_i/processing_system7_0/inst/buffer_fclk_clk_0.FCLK_CLK_0_BUFG/O
                         net (fo=23079, routed)       0.819     1.185    mlp_bd_i/mlp_axi_wrapper_0/inst/u_mlp_top/u_systolic/u_pe_arr/g_row[14].g_col[2].u_pe/S_AXI_ACLK
    SLICE_X50Y57         FDCE                                         r  mlp_bd_i/mlp_axi_wrapper_0/inst/u_mlp_top/u_systolic/u_pe_arr/g_row[14].g_col[2].u_pe/acc_reg[7]/C
                         clock pessimism             -0.035     1.150    
    SLICE_X50Y57         FDCE (Hold_fdce_C_D)         0.134     1.284    mlp_bd_i/mlp_axi_wrapper_0/inst/u_mlp_top/u_systolic/u_pe_arr/g_row[14].g_col[2].u_pe/acc_reg[7]
  -------------------------------------------------------------------
                         required time                         -1.284    
                         arrival time                           1.328    
  -------------------------------------------------------------------
                         slack                                  0.044    

Slack (MET) :             0.046ns  (arrival time - required time)
  Source:                 mlp_bd_i/mlp_axi_wrapper_0/inst/u_mlp_top/u_systolic/u_pe_arr/g_row[14].g_col[1].u_pe/mul_reg_reg[2]/C
                            (rising edge-triggered cell FDCE clocked by clk_fpga_0  {rise@0.000ns fall@5.000ns period=10.000ns})
  Destination:            mlp_bd_i/mlp_axi_wrapper_0/inst/u_mlp_top/u_systolic/u_pe_arr/g_row[14].g_col[1].u_pe/acc_reg[2]/D
                            (rising edge-triggered cell FDCE clocked by clk_fpga_0  {rise@0.000ns fall@5.000ns period=10.000ns})
  Path Group:             clk_fpga_0
  Path Type:              Hold (Min at Fast Process Corner)
  Requirement:            0.000ns  (clk_fpga_0 rise@0.000ns - clk_fpga_0 rise@0.000ns)
  Data Path Delay:        0.417ns  (logic 0.252ns (60.384%)  route 0.165ns (39.616%))
  Logic Levels:           2  (CARRY4=1 LUT5=1)
  Clock Path Skew:        0.266ns (DCD - SCD - CPR)
    Destination Clock Delay (DCD):    1.195ns
    Source Clock Delay      (SCD):    0.894ns
    Clock Pessimism Removal (CPR):    0.035ns

    Location             Delay type                Incr(ns)  Path(ns)    Netlist Resource(s)
  -------------------------------------------------------------------    -------------------
                         (clock clk_fpga_0 rise edge)
                                                      0.000     0.000 r  
    PS7_X0Y0             PS7                          0.000     0.000 r  mlp_bd_i/processing_system7_0/inst/PS7_i/FCLKCLK[0]
                         net (fo=1, routed)           0.310     0.310    mlp_bd_i/processing_system7_0/inst/FCLK_CLK_unbuffered[0]
    BUFGCTRL_X0Y16       BUFG (Prop_bufg_I_O)         0.026     0.336 r  mlp_bd_i/processing_system7_0/inst/buffer_fclk_clk_0.FCLK_CLK_0_BUFG/O
                         net (fo=23079, routed)       0.558     0.894    mlp_bd_i/mlp_axi_wrapper_0/inst/u_mlp_top/u_systolic/u_pe_arr/g_row[14].g_col[1].u_pe/S_AXI_ACLK
    SLICE_X51Y44         FDCE                                         r  mlp_bd_i/mlp_axi_wrapper_0/inst/u_mlp_top/u_systolic/u_pe_arr/g_row[14].g_col[1].u_pe/mul_reg_reg[2]/C
  -------------------------------------------------------------------    -------------------
    SLICE_X51Y44         FDCE (Prop_fdce_C_Q)         0.141     1.035 r  mlp_bd_i/mlp_axi_wrapper_0/inst/u_mlp_top/u_systolic/u_pe_arr/g_row[14].g_col[1].u_pe/mul_reg_reg[2]/Q
                         net (fo=2, routed)           0.165     1.200    mlp_bd_i/mlp_axi_wrapper_0/inst/u_mlp_top/u_systolic/u_pe_arr/g_row[14].g_col[1].u_pe/mul_reg[2]
    SLICE_X48Y43         LUT5 (Prop_lut5_I0_O)        0.045     1.245 r  mlp_bd_i/mlp_axi_wrapper_0/inst/u_mlp_top/u_systolic/u_pe_arr/g_row[14].g_col[1].u_pe/acc[3]_i_7__94/O
                         net (fo=1, routed)           0.000     1.245    mlp_bd_i/mlp_axi_wrapper_0/inst/u_mlp_top/u_systolic/u_pe_arr/g_row[14].g_col[1].u_pe/acc[3]_i_7__94_n_0
    SLICE_X48Y43         CARRY4 (Prop_carry4_S[2]_O[2])
                                                      0.066     1.311 r  mlp_bd_i/mlp_axi_wrapper_0/inst/u_mlp_top/u_systolic/u_pe_arr/g_row[14].g_col[1].u_pe/acc_reg[3]_i_1__94/O[2]
                         net (fo=1, routed)           0.000     1.311    mlp_bd_i/mlp_axi_wrapper_0/inst/u_mlp_top/u_systolic/u_pe_arr/g_row[14].g_col[1].u_pe/acc_reg[3]_i_1__94_n_5
    SLICE_X48Y43         FDCE                                         r  mlp_bd_i/mlp_axi_wrapper_0/inst/u_mlp_top/u_systolic/u_pe_arr/g_row[14].g_col[1].u_pe/acc_reg[2]/D
  -------------------------------------------------------------------    -------------------

                         (clock clk_fpga_0 rise edge)
                                                      0.000     0.000 r  
    PS7_X0Y0             PS7                          0.000     0.000 r  mlp_bd_i/processing_system7_0/inst/PS7_i/FCLKCLK[0]
                         net (fo=1, routed)           0.337     0.337    mlp_bd_i/processing_system7_0/inst/FCLK_CLK_unbuffered[0]
    BUFGCTRL_X0Y16       BUFG (Prop_bufg_I_O)         0.029     0.366 r  mlp_bd_i/processing_system7_0/inst/buffer_fclk_clk_0.FCLK_CLK_0_BUFG/O
                         net (fo=23079, routed)       0.829     1.195    mlp_bd_i/mlp_axi_wrapper_0/inst/u_mlp_top/u_systolic/u_pe_arr/g_row[14].g_col[1].u_pe/S_AXI_ACLK
    SLICE_X48Y43         FDCE                                         r  mlp_bd_i/mlp_axi_wrapper_0/inst/u_mlp_top/u_systolic/u_pe_arr/g_row[14].g_col[1].u_pe/acc_reg[2]/C
                         clock pessimism             -0.035     1.160    
    SLICE_X48Y43         FDCE (Hold_fdce_C_D)         0.105     1.265    mlp_bd_i/mlp_axi_wrapper_0/inst/u_mlp_top/u_systolic/u_pe_arr/g_row[14].g_col[1].u_pe/acc_reg[2]
  -------------------------------------------------------------------
                         required time                         -1.265    
                         arrival time                           1.311    
  -------------------------------------------------------------------
                         slack                                  0.046    





Pulse Width Checks
--------------------------------------------------------------------------------------
Clock Name:         clk_fpga_0
Waveform(ns):       { 0.000 5.000 }
Period(ns):         10.000
Sources:            { mlp_bd_i/processing_system7_0/inst/PS7_i/FCLKCLK[0] }

Check Type        Corner  Lib Pin             Reference Pin  Required(ns)  Actual(ns)  Slack(ns)  Location      Pin
Min Period        n/a     RAMB36E1/CLKARDCLK  n/a            2.944         10.000      7.056      RAMB36_X1Y8   mlp_bd_i/mlp_axi_wrapper_0/inst/u_mlp_top/u_bram/mem_reg_0_0/CLKARDCLK
Min Period        n/a     RAMB36E1/CLKARDCLK  n/a            2.944         10.000      7.056      RAMB36_X4Y14  mlp_bd_i/mlp_axi_wrapper_0/inst/u_mlp_top/u_bram/mem_reg_0_1/CLKARDCLK
Min Period        n/a     RAMB36E1/CLKARDCLK  n/a            2.944         10.000      7.056      RAMB36_X3Y10  mlp_bd_i/mlp_axi_wrapper_0/inst/u_mlp_top/u_bram/mem_reg_0_2/CLKARDCLK
Min Period        n/a     RAMB36E1/CLKARDCLK  n/a            2.944         10.000      7.056      RAMB36_X2Y14  mlp_bd_i/mlp_axi_wrapper_0/inst/u_mlp_top/u_bram/mem_reg_0_3/CLKARDCLK
Min Period        n/a     RAMB36E1/CLKARDCLK  n/a            2.944         10.000      7.056      RAMB36_X2Y5   mlp_bd_i/mlp_axi_wrapper_0/inst/u_mlp_top/u_bram/mem_reg_10_0/CLKARDCLK
Min Period        n/a     RAMB36E1/CLKARDCLK  n/a            2.944         10.000      7.056      RAMB36_X4Y5   mlp_bd_i/mlp_axi_wrapper_0/inst/u_mlp_top/u_bram/mem_reg_10_1/CLKARDCLK
Min Period        n/a     RAMB36E1/CLKARDCLK  n/a            2.944         10.000      7.056      RAMB36_X4Y7   mlp_bd_i/mlp_axi_wrapper_0/inst/u_mlp_top/u_bram/mem_reg_10_2/CLKARDCLK
Min Period        n/a     RAMB36E1/CLKARDCLK  n/a            2.944         10.000      7.056      RAMB36_X1Y5   mlp_bd_i/mlp_axi_wrapper_0/inst/u_mlp_top/u_bram/mem_reg_10_3/CLKARDCLK
Min Period        n/a     RAMB36E1/CLKARDCLK  n/a            2.944         10.000      7.056      RAMB36_X0Y8   mlp_bd_i/mlp_axi_wrapper_0/inst/u_mlp_top/u_bram/mem_reg_11_0/CLKARDCLK
Min Period        n/a     RAMB36E1/CLKARDCLK  n/a            2.944         10.000      7.056      RAMB36_X4Y15  mlp_bd_i/mlp_axi_wrapper_0/inst/u_mlp_top/u_bram/mem_reg_11_1/CLKARDCLK
Low Pulse Width   Slow    SRLC32E/CLK         n/a            0.980         5.000       4.020      SLICE_X26Y80  mlp_bd_i/ps7_0_axi_periph/s00_couplers/auto_pc/inst/gen_axilite.gen_b2s_conv.axilite_b2s/RD.r_channel_0/rd_data_fifo_0/memory_reg[31][0]_srl32/CLK
Low Pulse Width   Fast    SRLC32E/CLK         n/a            0.980         5.000       4.020      SLICE_X26Y80  mlp_bd_i/ps7_0_axi_periph/s00_couplers/auto_pc/inst/gen_axilite.gen_b2s_conv.axilite_b2s/RD.r_channel_0/rd_data_fifo_0/memory_reg[31][0]_srl32/CLK
Low Pulse Width   Slow    SRLC32E/CLK         n/a            0.980         5.000       4.020      SLICE_X26Y72  mlp_bd_i/ps7_0_axi_periph/s00_couplers/auto_pc/inst/gen_axilite.gen_b2s_conv.axilite_b2s/RD.r_channel_0/rd_data_fifo_0/memory_reg[31][10]_srl32/CLK
Low Pulse Width   Fast    SRLC32E/CLK         n/a            0.980         5.000       4.020      SLICE_X26Y72  mlp_bd_i/ps7_0_axi_periph/s00_couplers/auto_pc/inst/gen_axilite.gen_b2s_conv.axilite_b2s/RD.r_channel_0/rd_data_fifo_0/memory_reg[31][10]_srl32/CLK
Low Pulse Width   Slow    SRLC32E/CLK         n/a            0.980         5.000       4.020      SLICE_X26Y71  mlp_bd_i/ps7_0_axi_periph/s00_couplers/auto_pc/inst/gen_axilite.gen_b2s_conv.axilite_b2s/RD.r_channel_0/rd_data_fifo_0/memory_reg[31][11]_srl32/CLK
Low Pulse Width   Fast    SRLC32E/CLK         n/a            0.980         5.000       4.020      SLICE_X26Y71  mlp_bd_i/ps7_0_axi_periph/s00_couplers/auto_pc/inst/gen_axilite.gen_b2s_conv.axilite_b2s/RD.r_channel_0/rd_data_fifo_0/memory_reg[31][11]_srl32/CLK
Low Pulse Width   Slow    SRLC32E/CLK         n/a            0.980         5.000       4.020      SLICE_X26Y68  mlp_bd_i/ps7_0_axi_periph/s00_couplers/auto_pc/inst/gen_axilite.gen_b2s_conv.axilite_b2s/RD.r_channel_0/rd_data_fifo_0/memory_reg[31][12]_srl32/CLK
Low Pulse Width   Fast    SRLC32E/CLK         n/a            0.980         5.000       4.020      SLICE_X26Y68  mlp_bd_i/ps7_0_axi_periph/s00_couplers/auto_pc/inst/gen_axilite.gen_b2s_conv.axilite_b2s/RD.r_channel_0/rd_data_fifo_0/memory_reg[31][12]_srl32/CLK
Low Pulse Width   Slow    SRLC32E/CLK         n/a            0.980         5.000       4.020      SLICE_X26Y68  mlp_bd_i/ps7_0_axi_periph/s00_couplers/auto_pc/inst/gen_axilite.gen_b2s_conv.axilite_b2s/RD.r_channel_0/rd_data_fifo_0/memory_reg[31][13]_srl32/CLK
Low Pulse Width   Fast    SRLC32E/CLK         n/a            0.980         5.000       4.020      SLICE_X26Y68  mlp_bd_i/ps7_0_axi_periph/s00_couplers/auto_pc/inst/gen_axilite.gen_b2s_conv.axilite_b2s/RD.r_channel_0/rd_data_fifo_0/memory_reg[31][13]_srl32/CLK
High Pulse Width  Slow    SRLC32E/CLK         n/a            0.980         5.000       4.020      SLICE_X26Y80  mlp_bd_i/ps7_0_axi_periph/s00_couplers/auto_pc/inst/gen_axilite.gen_b2s_conv.axilite_b2s/RD.r_channel_0/rd_data_fifo_0/memory_reg[31][0]_srl32/CLK
High Pulse Width  Fast    SRLC32E/CLK         n/a            0.980         5.000       4.020      SLICE_X26Y80  mlp_bd_i/ps7_0_axi_periph/s00_couplers/auto_pc/inst/gen_axilite.gen_b2s_conv.axilite_b2s/RD.r_channel_0/rd_data_fifo_0/memory_reg[31][0]_srl32/CLK
High Pulse Width  Slow    SRLC32E/CLK         n/a            0.980         5.000       4.020      SLICE_X26Y72  mlp_bd_i/ps7_0_axi_periph/s00_couplers/auto_pc/inst/gen_axilite.gen_b2s_conv.axilite_b2s/RD.r_channel_0/rd_data_fifo_0/memory_reg[31][10]_srl32/CLK
High Pulse Width  Fast    SRLC32E/CLK         n/a            0.980         5.000       4.020      SLICE_X26Y72  mlp_bd_i/ps7_0_axi_periph/s00_couplers/auto_pc/inst/gen_axilite.gen_b2s_conv.axilite_b2s/RD.r_channel_0/rd_data_fifo_0/memory_reg[31][10]_srl32/CLK
High Pulse Width  Slow    SRLC32E/CLK         n/a            0.980         5.000       4.020      SLICE_X26Y71  mlp_bd_i/ps7_0_axi_periph/s00_couplers/auto_pc/inst/gen_axilite.gen_b2s_conv.axilite_b2s/RD.r_channel_0/rd_data_fifo_0/memory_reg[31][11]_srl32/CLK
High Pulse Width  Fast    SRLC32E/CLK         n/a            0.980         5.000       4.020      SLICE_X26Y71  mlp_bd_i/ps7_0_axi_periph/s00_couplers/auto_pc/inst/gen_axilite.gen_b2s_conv.axilite_b2s/RD.r_channel_0/rd_data_fifo_0/memory_reg[31][11]_srl32/CLK
High Pulse Width  Slow    SRLC32E/CLK         n/a            0.980         5.000       4.020      SLICE_X26Y68  mlp_bd_i/ps7_0_axi_periph/s00_couplers/auto_pc/inst/gen_axilite.gen_b2s_conv.axilite_b2s/RD.r_channel_0/rd_data_fifo_0/memory_reg[31][12]_srl32/CLK
High Pulse Width  Fast    SRLC32E/CLK         n/a            0.980         5.000       4.020      SLICE_X26Y68  mlp_bd_i/ps7_0_axi_periph/s00_couplers/auto_pc/inst/gen_axilite.gen_b2s_conv.axilite_b2s/RD.r_channel_0/rd_data_fifo_0/memory_reg[31][12]_srl32/CLK
High Pulse Width  Slow    SRLC32E/CLK         n/a            0.980         5.000       4.020      SLICE_X26Y68  mlp_bd_i/ps7_0_axi_periph/s00_couplers/auto_pc/inst/gen_axilite.gen_b2s_conv.axilite_b2s/RD.r_channel_0/rd_data_fifo_0/memory_reg[31][13]_srl32/CLK
High Pulse Width  Fast    SRLC32E/CLK         n/a            0.980         5.000       4.020      SLICE_X26Y68  mlp_bd_i/ps7_0_axi_periph/s00_couplers/auto_pc/inst/gen_axilite.gen_b2s_conv.axilite_b2s/RD.r_channel_0/rd_data_fifo_0/memory_reg[31][13]_srl32/CLK



--------------------------------------------------------------------------------------
Path Group:  (none)
From Clock:  
  To Clock:  clk_fpga_0

Max Delay             1 Endpoint
Min Delay             1 Endpoint
--------------------------------------------------------------------------------------


Max Delay Paths
--------------------------------------------------------------------------------------
Slack:                    inf
  Source:                 mlp_bd_i/processing_system7_0/inst/PS7_i/FCLKRESETN[0]
                            (internal pin)
  Destination:            mlp_bd_i/rst_ps7_0_50M/U0/EXT_LPF/ACTIVE_LOW_EXT.ACT_LO_EXT/GENERATE_LEVEL_P_S_CDC.SINGLE_BIT.CROSS_PLEVEL_IN2SCNDRY_IN_cdc_to/D
                            (rising edge-triggered cell FDRE clocked by clk_fpga_0  {rise@0.000ns fall@5.000ns period=10.000ns})
  Path Group:             (none)
  Path Type:              Setup (Max at Slow Process Corner)
  Data Path Delay:        1.355ns  (logic 0.124ns (9.148%)  route 1.231ns (90.852%))
  Logic Levels:           1  (LUT1=1)
  Clock Uncertainty:      0.152ns  ((TSJ^2 + TIJ^2)^1/2 + DJ) / 2 + PE
    Total System Jitter     (TSJ):    0.050ns
    Total Input Jitter      (TIJ):    0.300ns
    Discrete Jitter          (DJ):    0.000ns
    Phase Error              (PE):    0.000ns
  Timing Exception:       False Path

    Location             Delay type                Incr(ns)  Path(ns)    Netlist Resource(s)
  -------------------------------------------------------------------    -------------------
    PS7_X0Y0             PS7                          0.000     0.000 f  mlp_bd_i/processing_system7_0/inst/PS7_i/FCLKRESETN[0]
                         net (fo=1, routed)           1.231     1.231    mlp_bd_i/rst_ps7_0_50M/U0/EXT_LPF/ACTIVE_LOW_EXT.ACT_LO_EXT/ext_reset_in
    SLICE_X30Y107        LUT1 (Prop_lut1_I0_O)        0.124     1.355 r  mlp_bd_i/rst_ps7_0_50M/U0/EXT_LPF/ACTIVE_LOW_EXT.ACT_LO_EXT/GENERATE_LEVEL_P_S_CDC.SINGLE_BIT.CROSS_PLEVEL_IN2SCNDRY_IN_cdc_to_i_1/O
                         net (fo=1, routed)           0.000     1.355    mlp_bd_i/rst_ps7_0_50M/U0/EXT_LPF/ACTIVE_LOW_EXT.ACT_LO_EXT/exr_d1
    SLICE_X30Y107        FDRE                                         r  mlp_bd_i/rst_ps7_0_50M/U0/EXT_LPF/ACTIVE_LOW_EXT.ACT_LO_EXT/GENERATE_LEVEL_P_S_CDC.SINGLE_BIT.CROSS_PLEVEL_IN2SCNDRY_IN_cdc_to/D
  -------------------------------------------------------------------    -------------------

                         (clock clk_fpga_0 rise edge)
                                                      0.000     0.000 r  
    PS7_X0Y0             PS7                          0.000     0.000 r  mlp_bd_i/processing_system7_0/inst/PS7_i/FCLKCLK[0]
                         net (fo=1, routed)           1.088     1.088    mlp_bd_i/processing_system7_0/inst/FCLK_CLK_unbuffered[0]
    BUFGCTRL_X0Y16       BUFG (Prop_bufg_I_O)         0.091     1.179 r  mlp_bd_i/processing_system7_0/inst/buffer_fclk_clk_0.FCLK_CLK_0_BUFG/O
                         net (fo=23079, routed)       1.698     2.877    mlp_bd_i/rst_ps7_0_50M/U0/EXT_LPF/ACTIVE_LOW_EXT.ACT_LO_EXT/slowest_sync_clk
    SLICE_X30Y107        FDRE                                         r  mlp_bd_i/rst_ps7_0_50M/U0/EXT_LPF/ACTIVE_LOW_EXT.ACT_LO_EXT/GENERATE_LEVEL_P_S_CDC.SINGLE_BIT.CROSS_PLEVEL_IN2SCNDRY_IN_cdc_to/C





Min Delay Paths
--------------------------------------------------------------------------------------
Slack:                    inf
  Source:                 mlp_bd_i/processing_system7_0/inst/PS7_i/FCLKRESETN[0]
                            (internal pin)
  Destination:            mlp_bd_i/rst_ps7_0_50M/U0/EXT_LPF/ACTIVE_LOW_EXT.ACT_LO_EXT/GENERATE_LEVEL_P_S_CDC.SINGLE_BIT.CROSS_PLEVEL_IN2SCNDRY_IN_cdc_to/D
                            (rising edge-triggered cell FDRE clocked by clk_fpga_0  {rise@0.000ns fall@5.000ns period=10.000ns})
  Path Group:             (none)
  Path Type:              Hold (Min at Fast Process Corner)
  Data Path Delay:        0.518ns  (logic 0.045ns (8.679%)  route 0.473ns (91.321%))
  Logic Levels:           1  (LUT1=1)
  Clock Uncertainty:      0.152ns  ((TSJ^2 + TIJ^2)^1/2 + DJ) / 2 + PE
    Total System Jitter     (TSJ):    0.050ns
    Total Input Jitter      (TIJ):    0.300ns
    Discrete Jitter          (DJ):    0.000ns
    Phase Error              (PE):    0.000ns
  Timing Exception:       False Path

    Location             Delay type                Incr(ns)  Path(ns)    Netlist Resource(s)
  -------------------------------------------------------------------    -------------------
    PS7_X0Y0             PS7                          0.000     0.000 f  mlp_bd_i/processing_system7_0/inst/PS7_i/FCLKRESETN[0]
                         net (fo=1, routed)           0.473     0.473    mlp_bd_i/rst_ps7_0_50M/U0/EXT_LPF/ACTIVE_LOW_EXT.ACT_LO_EXT/ext_reset_in
    SLICE_X30Y107        LUT1 (Prop_lut1_I0_O)        0.045     0.518 r  mlp_bd_i/rst_ps7_0_50M/U0/EXT_LPF/ACTIVE_LOW_EXT.ACT_LO_EXT/GENERATE_LEVEL_P_S_CDC.SINGLE_BIT.CROSS_PLEVEL_IN2SCNDRY_IN_cdc_to_i_1/O
                         net (fo=1, routed)           0.000     0.518    mlp_bd_i/rst_ps7_0_50M/U0/EXT_LPF/ACTIVE_LOW_EXT.ACT_LO_EXT/exr_d1
    SLICE_X30Y107        FDRE                                         r  mlp_bd_i/rst_ps7_0_50M/U0/EXT_LPF/ACTIVE_LOW_EXT.ACT_LO_EXT/GENERATE_LEVEL_P_S_CDC.SINGLE_BIT.CROSS_PLEVEL_IN2SCNDRY_IN_cdc_to/D
  -------------------------------------------------------------------    -------------------

                         (clock clk_fpga_0 rise edge)
                                                      0.000     0.000 r  
    PS7_X0Y0             PS7                          0.000     0.000 r  mlp_bd_i/processing_system7_0/inst/PS7_i/FCLKCLK[0]
                         net (fo=1, routed)           0.337     0.337    mlp_bd_i/processing_system7_0/inst/FCLK_CLK_unbuffered[0]
    BUFGCTRL_X0Y16       BUFG (Prop_bufg_I_O)         0.029     0.366 r  mlp_bd_i/processing_system7_0/inst/buffer_fclk_clk_0.FCLK_CLK_0_BUFG/O
                         net (fo=23079, routed)       0.929     1.295    mlp_bd_i/rst_ps7_0_50M/U0/EXT_LPF/ACTIVE_LOW_EXT.ACT_LO_EXT/slowest_sync_clk
    SLICE_X30Y107        FDRE                                         r  mlp_bd_i/rst_ps7_0_50M/U0/EXT_LPF/ACTIVE_LOW_EXT.ACT_LO_EXT/GENERATE_LEVEL_P_S_CDC.SINGLE_BIT.CROSS_PLEVEL_IN2SCNDRY_IN_cdc_to/C





--------------------------------------------------------------------------------------
Path Group:  (none)
From Clock:  
  To Clock:  clk_fpga_0

Max Delay         22127 Endpoints
Min Delay         22127 Endpoints
--------------------------------------------------------------------------------------


Max Delay Paths
--------------------------------------------------------------------------------------
Slack:                    inf
  Source:                 rst_n
                            (input port)
  Destination:            mlp_bd_i/mlp_axi_wrapper_0/inst/u_mlp_top/u_systolic/u_pe_arr/g_row[4].g_col[5].u_pe/top_reg_reg[3]/CLR
                            (recovery check against rising-edge clock clk_fpga_0  {rise@0.000ns fall@5.000ns period=10.000ns})
  Path Group:             (none)
  Path Type:              Recovery (Max at Slow Process Corner)
  Data Path Delay:        12.590ns  (logic 1.608ns (12.769%)  route 10.982ns (87.231%))
  Logic Levels:           2  (IBUF=1 LUT1=1)
  Clock Path Skew:        2.659ns (DCD - SCD + CPR)
    Destination Clock Delay (DCD):    2.659ns
    Source Clock Delay      (SCD):    0.000ns
    Clock Pessimism Removal (CPR):    0.000ns
  Clock Uncertainty:      0.152ns  ((TSJ^2 + TIJ^2)^1/2 + DJ) / 2 + PE
    Total System Jitter     (TSJ):    0.050ns
    Total Input Jitter      (TIJ):    0.300ns
    Discrete Jitter          (DJ):    0.000ns
    Phase Error              (PE):    0.000ns

    Location             Delay type                Incr(ns)  Path(ns)    Netlist Resource(s)
  -------------------------------------------------------------------    -------------------
    Y18                                               0.000     0.000 r  rst_n (IN)
                         net (fo=0)                   0.000     0.000    rst_n
    Y18                  IBUF (Prop_ibuf_I_O)         1.484     1.484 r  rst_n_IBUF_inst/O
                         net (fo=6, routed)           1.608     3.091    mlp_bd_i/mlp_axi_wrapper_0/inst/u_mlp_top/u_systolic/u_pe_arr/g_row[12].g_col[0].u_pe/i_PROC_RESET_n
    SLICE_X113Y19        LUT1 (Prop_lut1_I0_O)        0.124     3.215 f  mlp_bd_i/mlp_axi_wrapper_0/inst/u_mlp_top/u_systolic/u_pe_arr/g_row[12].g_col[0].u_pe/o_PROC_DONE_i_1/O
                         net (fo=18019, routed)       9.374    12.590    mlp_bd_i/mlp_axi_wrapper_0/inst/u_mlp_top/u_systolic/u_pe_arr/g_row[4].g_col[5].u_pe/mul_reg_reg[15]_3
    SLICE_X40Y99         FDCE                                         f  mlp_bd_i/mlp_axi_wrapper_0/inst/u_mlp_top/u_systolic/u_pe_arr/g_row[4].g_col[5].u_pe/top_reg_reg[3]/CLR
  -------------------------------------------------------------------    -------------------

                         (clock clk_fpga_0 rise edge)
                                                      0.000     0.000 r  
    PS7_X0Y0             PS7                          0.000     0.000 r  mlp_bd_i/processing_system7_0/inst/PS7_i/FCLKCLK[0]
                         net (fo=1, routed)           1.088     1.088    mlp_bd_i/processing_system7_0/inst/FCLK_CLK_unbuffered[0]
    BUFGCTRL_X0Y16       BUFG (Prop_bufg_I_O)         0.091     1.179 r  mlp_bd_i/processing_system7_0/inst/buffer_fclk_clk_0.FCLK_CLK_0_BUFG/O
                         net (fo=23079, routed)       1.480     2.659    mlp_bd_i/mlp_axi_wrapper_0/inst/u_mlp_top/u_systolic/u_pe_arr/g_row[4].g_col[5].u_pe/S_AXI_ACLK
    SLICE_X40Y99         FDCE                                         r  mlp_bd_i/mlp_axi_wrapper_0/inst/u_mlp_top/u_systolic/u_pe_arr/g_row[4].g_col[5].u_pe/top_reg_reg[3]/C

Slack:                    inf
  Source:                 rst_n
                            (input port)
  Destination:            mlp_bd_i/mlp_axi_wrapper_0/inst/u_mlp_top/u_systolic/u_pe_arr/g_row[9].g_col[5].u_pe/left_reg_reg[4]/CLR
                            (recovery check against rising-edge clock clk_fpga_0  {rise@0.000ns fall@5.000ns period=10.000ns})
  Path Group:             (none)
  Path Type:              Recovery (Max at Slow Process Corner)
  Data Path Delay:        12.587ns  (logic 1.608ns (12.772%)  route 10.979ns (87.228%))
  Logic Levels:           2  (IBUF=1 LUT1=1)
  Clock Path Skew:        2.832ns (DCD - SCD + CPR)
    Destination Clock Delay (DCD):    2.832ns
    Source Clock Delay      (SCD):    0.000ns
    Clock Pessimism Removal (CPR):    0.000ns
  Clock Uncertainty:      0.152ns  ((TSJ^2 + TIJ^2)^1/2 + DJ) / 2 + PE
    Total System Jitter     (TSJ):    0.050ns
    Total Input Jitter      (TIJ):    0.300ns
    Discrete Jitter          (DJ):    0.000ns
    Phase Error              (PE):    0.000ns

    Location             Delay type                Incr(ns)  Path(ns)    Netlist Resource(s)
  -------------------------------------------------------------------    -------------------
    Y18                                               0.000     0.000 r  rst_n (IN)
                         net (fo=0)                   0.000     0.000    rst_n
    Y18                  IBUF (Prop_ibuf_I_O)         1.484     1.484 r  rst_n_IBUF_inst/O
                         net (fo=6, routed)           1.608     3.091    mlp_bd_i/mlp_axi_wrapper_0/inst/u_mlp_top/u_systolic/u_pe_arr/g_row[12].g_col[0].u_pe/i_PROC_RESET_n
    SLICE_X113Y19        LUT1 (Prop_lut1_I0_O)        0.124     3.215 f  mlp_bd_i/mlp_axi_wrapper_0/inst/u_mlp_top/u_systolic/u_pe_arr/g_row[12].g_col[0].u_pe/o_PROC_DONE_i_1/O
                         net (fo=18019, routed)       9.371    12.587    mlp_bd_i/mlp_axi_wrapper_0/inst/u_mlp_top/u_systolic/u_pe_arr/g_row[9].g_col[5].u_pe/mul_reg_reg[15]_3
    SLICE_X44Y100        FDCE                                         f  mlp_bd_i/mlp_axi_wrapper_0/inst/u_mlp_top/u_systolic/u_pe_arr/g_row[9].g_col[5].u_pe/left_reg_reg[4]/CLR
  -------------------------------------------------------------------    -------------------

                         (clock clk_fpga_0 rise edge)
                                                      0.000     0.000 r  
    PS7_X0Y0             PS7                          0.000     0.000 r  mlp_bd_i/processing_system7_0/inst/PS7_i/FCLKCLK[0]
                         net (fo=1, routed)           1.088     1.088    mlp_bd_i/processing_system7_0/inst/FCLK_CLK_unbuffered[0]
    BUFGCTRL_X0Y16       BUFG (Prop_bufg_I_O)         0.091     1.179 r  mlp_bd_i/processing_system7_0/inst/buffer_fclk_clk_0.FCLK_CLK_0_BUFG/O
                         net (fo=23079, routed)       1.653     2.832    mlp_bd_i/mlp_axi_wrapper_0/inst/u_mlp_top/u_systolic/u_pe_arr/g_row[9].g_col[5].u_pe/S_AXI_ACLK
    SLICE_X44Y100        FDCE                                         r  mlp_bd_i/mlp_axi_wrapper_0/inst/u_mlp_top/u_systolic/u_pe_arr/g_row[9].g_col[5].u_pe/left_reg_reg[4]/C

Slack:                    inf
  Source:                 rst_n
                            (input port)
  Destination:            mlp_bd_i/mlp_axi_wrapper_0/inst/u_mlp_top/u_systolic/u_pe_arr/g_row[5].g_col[5].u_pe/top_reg_reg[0]/CLR
                            (recovery check against rising-edge clock clk_fpga_0  {rise@0.000ns fall@5.000ns period=10.000ns})
  Path Group:             (none)
  Path Type:              Recovery (Max at Slow Process Corner)
  Data Path Delay:        12.586ns  (logic 1.608ns (12.774%)  route 10.978ns (87.226%))
  Logic Levels:           2  (IBUF=1 LUT1=1)
  Clock Path Skew:        2.659ns (DCD - SCD + CPR)
    Destination Clock Delay (DCD):    2.659ns
    Source Clock Delay      (SCD):    0.000ns
    Clock Pessimism Removal (CPR):    0.000ns
  Clock Uncertainty:      0.152ns  ((TSJ^2 + TIJ^2)^1/2 + DJ) / 2 + PE
    Total System Jitter     (TSJ):    0.050ns
    Total Input Jitter      (TIJ):    0.300ns
    Discrete Jitter          (DJ):    0.000ns
    Phase Error              (PE):    0.000ns

    Location             Delay type                Incr(ns)  Path(ns)    Netlist Resource(s)
  -------------------------------------------------------------------    -------------------
    Y18                                               0.000     0.000 r  rst_n (IN)
                         net (fo=0)                   0.000     0.000    rst_n
    Y18                  IBUF (Prop_ibuf_I_O)         1.484     1.484 r  rst_n_IBUF_inst/O
                         net (fo=6, routed)           1.608     3.091    mlp_bd_i/mlp_axi_wrapper_0/inst/u_mlp_top/u_systolic/u_pe_arr/g_row[12].g_col[0].u_pe/i_PROC_RESET_n
    SLICE_X113Y19        LUT1 (Prop_lut1_I0_O)        0.124     3.215 f  mlp_bd_i/mlp_axi_wrapper_0/inst/u_mlp_top/u_systolic/u_pe_arr/g_row[12].g_col[0].u_pe/o_PROC_DONE_i_1/O
                         net (fo=18019, routed)       9.370    12.586    mlp_bd_i/mlp_axi_wrapper_0/inst/u_mlp_top/u_systolic/u_pe_arr/g_row[5].g_col[5].u_pe/mul_reg_reg[15]_3
    SLICE_X41Y99         FDCE                                         f  mlp_bd_i/mlp_axi_wrapper_0/inst/u_mlp_top/u_systolic/u_pe_arr/g_row[5].g_col[5].u_pe/top_reg_reg[0]/CLR
  -------------------------------------------------------------------    -------------------

                         (clock clk_fpga_0 rise edge)
                                                      0.000     0.000 r  
    PS7_X0Y0             PS7                          0.000     0.000 r  mlp_bd_i/processing_system7_0/inst/PS7_i/FCLKCLK[0]
                         net (fo=1, routed)           1.088     1.088    mlp_bd_i/processing_system7_0/inst/FCLK_CLK_unbuffered[0]
    BUFGCTRL_X0Y16       BUFG (Prop_bufg_I_O)         0.091     1.179 r  mlp_bd_i/processing_system7_0/inst/buffer_fclk_clk_0.FCLK_CLK_0_BUFG/O
                         net (fo=23079, routed)       1.480     2.659    mlp_bd_i/mlp_axi_wrapper_0/inst/u_mlp_top/u_systolic/u_pe_arr/g_row[5].g_col[5].u_pe/S_AXI_ACLK
    SLICE_X41Y99         FDCE                                         r  mlp_bd_i/mlp_axi_wrapper_0/inst/u_mlp_top/u_systolic/u_pe_arr/g_row[5].g_col[5].u_pe/top_reg_reg[0]/C

Slack:                    inf
  Source:                 rst_n
                            (input port)
  Destination:            mlp_bd_i/mlp_axi_wrapper_0/inst/u_mlp_top/u_systolic/u_pe_arr/g_row[5].g_col[5].u_pe/top_reg_reg[7]/CLR
                            (recovery check against rising-edge clock clk_fpga_0  {rise@0.000ns fall@5.000ns period=10.000ns})
  Path Group:             (none)
  Path Type:              Recovery (Max at Slow Process Corner)
  Data Path Delay:        12.586ns  (logic 1.608ns (12.774%)  route 10.978ns (87.226%))
  Logic Levels:           2  (IBUF=1 LUT1=1)
  Clock Path Skew:        2.659ns (DCD - SCD + CPR)
    Destination Clock Delay (DCD):    2.659ns
    Source Clock Delay      (SCD):    0.000ns
    Clock Pessimism Removal (CPR):    0.000ns
  Clock Uncertainty:      0.152ns  ((TSJ^2 + TIJ^2)^1/2 + DJ) / 2 + PE
    Total System Jitter     (TSJ):    0.050ns
    Total Input Jitter      (TIJ):    0.300ns
    Discrete Jitter          (DJ):    0.000ns
    Phase Error              (PE):    0.000ns

    Location             Delay type                Incr(ns)  Path(ns)    Netlist Resource(s)
  -------------------------------------------------------------------    -------------------
    Y18                                               0.000     0.000 r  rst_n (IN)
                         net (fo=0)                   0.000     0.000    rst_n
    Y18                  IBUF (Prop_ibuf_I_O)         1.484     1.484 r  rst_n_IBUF_inst/O
                         net (fo=6, routed)           1.608     3.091    mlp_bd_i/mlp_axi_wrapper_0/inst/u_mlp_top/u_systolic/u_pe_arr/g_row[12].g_col[0].u_pe/i_PROC_RESET_n
    SLICE_X113Y19        LUT1 (Prop_lut1_I0_O)        0.124     3.215 f  mlp_bd_i/mlp_axi_wrapper_0/inst/u_mlp_top/u_systolic/u_pe_arr/g_row[12].g_col[0].u_pe/o_PROC_DONE_i_1/O
                         net (fo=18019, routed)       9.370    12.586    mlp_bd_i/mlp_axi_wrapper_0/inst/u_mlp_top/u_systolic/u_pe_arr/g_row[5].g_col[5].u_pe/mul_reg_reg[15]_3
    SLICE_X41Y99         FDCE                                         f  mlp_bd_i/mlp_axi_wrapper_0/inst/u_mlp_top/u_systolic/u_pe_arr/g_row[5].g_col[5].u_pe/top_reg_reg[7]/CLR
  -------------------------------------------------------------------    -------------------

                         (clock clk_fpga_0 rise edge)
                                                      0.000     0.000 r  
    PS7_X0Y0             PS7                          0.000     0.000 r  mlp_bd_i/processing_system7_0/inst/PS7_i/FCLKCLK[0]
                         net (fo=1, routed)           1.088     1.088    mlp_bd_i/processing_system7_0/inst/FCLK_CLK_unbuffered[0]
    BUFGCTRL_X0Y16       BUFG (Prop_bufg_I_O)         0.091     1.179 r  mlp_bd_i/processing_system7_0/inst/buffer_fclk_clk_0.FCLK_CLK_0_BUFG/O
                         net (fo=23079, routed)       1.480     2.659    mlp_bd_i/mlp_axi_wrapper_0/inst/u_mlp_top/u_systolic/u_pe_arr/g_row[5].g_col[5].u_pe/S_AXI_ACLK
    SLICE_X41Y99         FDCE                                         r  mlp_bd_i/mlp_axi_wrapper_0/inst/u_mlp_top/u_systolic/u_pe_arr/g_row[5].g_col[5].u_pe/top_reg_reg[7]/C

Slack:                    inf
  Source:                 rst_n
                            (input port)
  Destination:            mlp_bd_i/mlp_axi_wrapper_0/inst/u_mlp_top/u_systolic/u_pe_arr/g_row[3].g_col[5].u_pe/top_reg_reg[5]/CLR
                            (recovery check against rising-edge clock clk_fpga_0  {rise@0.000ns fall@5.000ns period=10.000ns})
  Path Group:             (none)
  Path Type:              Recovery (Max at Slow Process Corner)
  Data Path Delay:        12.582ns  (logic 1.608ns (12.777%)  route 10.975ns (87.223%))
  Logic Levels:           2  (IBUF=1 LUT1=1)
  Clock Path Skew:        2.832ns (DCD - SCD + CPR)
    Destination Clock Delay (DCD):    2.832ns
    Source Clock Delay      (SCD):    0.000ns
    Clock Pessimism Removal (CPR):    0.000ns
  Clock Uncertainty:      0.152ns  ((TSJ^2 + TIJ^2)^1/2 + DJ) / 2 + PE
    Total System Jitter     (TSJ):    0.050ns
    Total Input Jitter      (TIJ):    0.300ns
    Discrete Jitter          (DJ):    0.000ns
    Phase Error              (PE):    0.000ns

    Location             Delay type                Incr(ns)  Path(ns)    Netlist Resource(s)
  -------------------------------------------------------------------    -------------------
    Y18                                               0.000     0.000 r  rst_n (IN)
                         net (fo=0)                   0.000     0.000    rst_n
    Y18                  IBUF (Prop_ibuf_I_O)         1.484     1.484 r  rst_n_IBUF_inst/O
                         net (fo=6, routed)           1.608     3.091    mlp_bd_i/mlp_axi_wrapper_0/inst/u_mlp_top/u_systolic/u_pe_arr/g_row[12].g_col[0].u_pe/i_PROC_RESET_n
    SLICE_X113Y19        LUT1 (Prop_lut1_I0_O)        0.124     3.215 f  mlp_bd_i/mlp_axi_wrapper_0/inst/u_mlp_top/u_systolic/u_pe_arr/g_row[12].g_col[0].u_pe/o_PROC_DONE_i_1/O
                         net (fo=18019, routed)       9.367    12.582    mlp_bd_i/mlp_axi_wrapper_0/inst/u_mlp_top/u_systolic/u_pe_arr/g_row[3].g_col[5].u_pe/mul_reg_reg[15]_3
    SLICE_X45Y100        FDCE                                         f  mlp_bd_i/mlp_axi_wrapper_0/inst/u_mlp_top/u_systolic/u_pe_arr/g_row[3].g_col[5].u_pe/top_reg_reg[5]/CLR
  -------------------------------------------------------------------    -------------------

                         (clock clk_fpga_0 rise edge)
                                                      0.000     0.000 r  
    PS7_X0Y0             PS7                          0.000     0.000 r  mlp_bd_i/processing_system7_0/inst/PS7_i/FCLKCLK[0]
                         net (fo=1, routed)           1.088     1.088    mlp_bd_i/processing_system7_0/inst/FCLK_CLK_unbuffered[0]
    BUFGCTRL_X0Y16       BUFG (Prop_bufg_I_O)         0.091     1.179 r  mlp_bd_i/processing_system7_0/inst/buffer_fclk_clk_0.FCLK_CLK_0_BUFG/O
                         net (fo=23079, routed)       1.653     2.832    mlp_bd_i/mlp_axi_wrapper_0/inst/u_mlp_top/u_systolic/u_pe_arr/g_row[3].g_col[5].u_pe/S_AXI_ACLK
    SLICE_X45Y100        FDCE                                         r  mlp_bd_i/mlp_axi_wrapper_0/inst/u_mlp_top/u_systolic/u_pe_arr/g_row[3].g_col[5].u_pe/top_reg_reg[5]/C

Slack:                    inf
  Source:                 rst_n
                            (input port)
  Destination:            mlp_bd_i/mlp_axi_wrapper_0/inst/u_mlp_top/u_systolic/u_pe_arr/g_row[8].g_col[5].u_pe/mul_reg_reg[4]/CLR
                            (recovery check against rising-edge clock clk_fpga_0  {rise@0.000ns fall@5.000ns period=10.000ns})
  Path Group:             (none)
  Path Type:              Recovery (Max at Slow Process Corner)
  Data Path Delay:        12.308ns  (logic 1.608ns (13.062%)  route 10.701ns (86.938%))
  Logic Levels:           2  (IBUF=1 LUT1=1)
  Clock Path Skew:        2.827ns (DCD - SCD + CPR)
    Destination Clock Delay (DCD):    2.827ns
    Source Clock Delay      (SCD):    0.000ns
    Clock Pessimism Removal (CPR):    0.000ns
  Clock Uncertainty:      0.152ns  ((TSJ^2 + TIJ^2)^1/2 + DJ) / 2 + PE
    Total System Jitter     (TSJ):    0.050ns
    Total Input Jitter      (TIJ):    0.300ns
    Discrete Jitter          (DJ):    0.000ns
    Phase Error              (PE):    0.000ns

    Location             Delay type                Incr(ns)  Path(ns)    Netlist Resource(s)
  -------------------------------------------------------------------    -------------------
    Y18                                               0.000     0.000 r  rst_n (IN)
                         net (fo=0)                   0.000     0.000    rst_n
    Y18                  IBUF (Prop_ibuf_I_O)         1.484     1.484 r  rst_n_IBUF_inst/O
                         net (fo=6, routed)           1.608     3.091    mlp_bd_i/mlp_axi_wrapper_0/inst/u_mlp_top/u_systolic/u_pe_arr/g_row[12].g_col[0].u_pe/i_PROC_RESET_n
    SLICE_X113Y19        LUT1 (Prop_lut1_I0_O)        0.124     3.215 f  mlp_bd_i/mlp_axi_wrapper_0/inst/u_mlp_top/u_systolic/u_pe_arr/g_row[12].g_col[0].u_pe/o_PROC_DONE_i_1/O
                         net (fo=18019, routed)       9.093    12.308    mlp_bd_i/mlp_axi_wrapper_0/inst/u_mlp_top/u_systolic/u_pe_arr/g_row[8].g_col[5].u_pe/mul_reg_reg[15]_3
    SLICE_X40Y114        FDCE                                         f  mlp_bd_i/mlp_axi_wrapper_0/inst/u_mlp_top/u_systolic/u_pe_arr/g_row[8].g_col[5].u_pe/mul_reg_reg[4]/CLR
  -------------------------------------------------------------------    -------------------

                         (clock clk_fpga_0 rise edge)
                                                      0.000     0.000 r  
    PS7_X0Y0             PS7                          0.000     0.000 r  mlp_bd_i/processing_system7_0/inst/PS7_i/FCLKCLK[0]
                         net (fo=1, routed)           1.088     1.088    mlp_bd_i/processing_system7_0/inst/FCLK_CLK_unbuffered[0]
    BUFGCTRL_X0Y16       BUFG (Prop_bufg_I_O)         0.091     1.179 r  mlp_bd_i/processing_system7_0/inst/buffer_fclk_clk_0.FCLK_CLK_0_BUFG/O
                         net (fo=23079, routed)       1.648     2.827    mlp_bd_i/mlp_axi_wrapper_0/inst/u_mlp_top/u_systolic/u_pe_arr/g_row[8].g_col[5].u_pe/S_AXI_ACLK
    SLICE_X40Y114        FDCE                                         r  mlp_bd_i/mlp_axi_wrapper_0/inst/u_mlp_top/u_systolic/u_pe_arr/g_row[8].g_col[5].u_pe/mul_reg_reg[4]/C

Slack:                    inf
  Source:                 rst_n
                            (input port)
  Destination:            mlp_bd_i/mlp_axi_wrapper_0/inst/u_mlp_top/u_systolic/u_pe_arr/g_row[8].g_col[5].u_pe/mul_reg_reg[5]/CLR
                            (recovery check against rising-edge clock clk_fpga_0  {rise@0.000ns fall@5.000ns period=10.000ns})
  Path Group:             (none)
  Path Type:              Recovery (Max at Slow Process Corner)
  Data Path Delay:        12.308ns  (logic 1.608ns (13.062%)  route 10.701ns (86.938%))
  Logic Levels:           2  (IBUF=1 LUT1=1)
  Clock Path Skew:        2.827ns (DCD - SCD + CPR)
    Destination Clock Delay (DCD):    2.827ns
    Source Clock Delay      (SCD):    0.000ns
    Clock Pessimism Removal (CPR):    0.000ns
  Clock Uncertainty:      0.152ns  ((TSJ^2 + TIJ^2)^1/2 + DJ) / 2 + PE
    Total System Jitter     (TSJ):    0.050ns
    Total Input Jitter      (TIJ):    0.300ns
    Discrete Jitter          (DJ):    0.000ns
    Phase Error              (PE):    0.000ns

    Location             Delay type                Incr(ns)  Path(ns)    Netlist Resource(s)
  -------------------------------------------------------------------    -------------------
    Y18                                               0.000     0.000 r  rst_n (IN)
                         net (fo=0)                   0.000     0.000    rst_n
    Y18                  IBUF (Prop_ibuf_I_O)         1.484     1.484 r  rst_n_IBUF_inst/O
                         net (fo=6, routed)           1.608     3.091    mlp_bd_i/mlp_axi_wrapper_0/inst/u_mlp_top/u_systolic/u_pe_arr/g_row[12].g_col[0].u_pe/i_PROC_RESET_n
    SLICE_X113Y19        LUT1 (Prop_lut1_I0_O)        0.124     3.215 f  mlp_bd_i/mlp_axi_wrapper_0/inst/u_mlp_top/u_systolic/u_pe_arr/g_row[12].g_col[0].u_pe/o_PROC_DONE_i_1/O
                         net (fo=18019, routed)       9.093    12.308    mlp_bd_i/mlp_axi_wrapper_0/inst/u_mlp_top/u_systolic/u_pe_arr/g_row[8].g_col[5].u_pe/mul_reg_reg[15]_3
    SLICE_X40Y114        FDCE                                         f  mlp_bd_i/mlp_axi_wrapper_0/inst/u_mlp_top/u_systolic/u_pe_arr/g_row[8].g_col[5].u_pe/mul_reg_reg[5]/CLR
  -------------------------------------------------------------------    -------------------

                         (clock clk_fpga_0 rise edge)
                                                      0.000     0.000 r  
    PS7_X0Y0             PS7                          0.000     0.000 r  mlp_bd_i/processing_system7_0/inst/PS7_i/FCLKCLK[0]
                         net (fo=1, routed)           1.088     1.088    mlp_bd_i/processing_system7_0/inst/FCLK_CLK_unbuffered[0]
    BUFGCTRL_X0Y16       BUFG (Prop_bufg_I_O)         0.091     1.179 r  mlp_bd_i/processing_system7_0/inst/buffer_fclk_clk_0.FCLK_CLK_0_BUFG/O
                         net (fo=23079, routed)       1.648     2.827    mlp_bd_i/mlp_axi_wrapper_0/inst/u_mlp_top/u_systolic/u_pe_arr/g_row[8].g_col[5].u_pe/S_AXI_ACLK
    SLICE_X40Y114        FDCE                                         r  mlp_bd_i/mlp_axi_wrapper_0/inst/u_mlp_top/u_systolic/u_pe_arr/g_row[8].g_col[5].u_pe/mul_reg_reg[5]/C

Slack:                    inf
  Source:                 rst_n
                            (input port)
  Destination:            mlp_bd_i/mlp_axi_wrapper_0/inst/u_mlp_top/u_systolic/u_pe_arr/g_row[8].g_col[5].u_pe/mul_reg_reg[6]/CLR
                            (recovery check against rising-edge clock clk_fpga_0  {rise@0.000ns fall@5.000ns period=10.000ns})
  Path Group:             (none)
  Path Type:              Recovery (Max at Slow Process Corner)
  Data Path Delay:        12.308ns  (logic 1.608ns (13.062%)  route 10.701ns (86.938%))
  Logic Levels:           2  (IBUF=1 LUT1=1)
  Clock Path Skew:        2.827ns (DCD - SCD + CPR)
    Destination Clock Delay (DCD):    2.827ns
    Source Clock Delay      (SCD):    0.000ns
    Clock Pessimism Removal (CPR):    0.000ns
  Clock Uncertainty:      0.152ns  ((TSJ^2 + TIJ^2)^1/2 + DJ) / 2 + PE
    Total System Jitter     (TSJ):    0.050ns
    Total Input Jitter      (TIJ):    0.300ns
    Discrete Jitter          (DJ):    0.000ns
    Phase Error              (PE):    0.000ns

    Location             Delay type                Incr(ns)  Path(ns)    Netlist Resource(s)
  -------------------------------------------------------------------    -------------------
    Y18                                               0.000     0.000 r  rst_n (IN)
                         net (fo=0)                   0.000     0.000    rst_n
    Y18                  IBUF (Prop_ibuf_I_O)         1.484     1.484 r  rst_n_IBUF_inst/O
                         net (fo=6, routed)           1.608     3.091    mlp_bd_i/mlp_axi_wrapper_0/inst/u_mlp_top/u_systolic/u_pe_arr/g_row[12].g_col[0].u_pe/i_PROC_RESET_n
    SLICE_X113Y19        LUT1 (Prop_lut1_I0_O)        0.124     3.215 f  mlp_bd_i/mlp_axi_wrapper_0/inst/u_mlp_top/u_systolic/u_pe_arr/g_row[12].g_col[0].u_pe/o_PROC_DONE_i_1/O
                         net (fo=18019, routed)       9.093    12.308    mlp_bd_i/mlp_axi_wrapper_0/inst/u_mlp_top/u_systolic/u_pe_arr/g_row[8].g_col[5].u_pe/mul_reg_reg[15]_3
    SLICE_X40Y114        FDCE                                         f  mlp_bd_i/mlp_axi_wrapper_0/inst/u_mlp_top/u_systolic/u_pe_arr/g_row[8].g_col[5].u_pe/mul_reg_reg[6]/CLR
  -------------------------------------------------------------------    -------------------

                         (clock clk_fpga_0 rise edge)
                                                      0.000     0.000 r  
    PS7_X0Y0             PS7                          0.000     0.000 r  mlp_bd_i/processing_system7_0/inst/PS7_i/FCLKCLK[0]
                         net (fo=1, routed)           1.088     1.088    mlp_bd_i/processing_system7_0/inst/FCLK_CLK_unbuffered[0]
    BUFGCTRL_X0Y16       BUFG (Prop_bufg_I_O)         0.091     1.179 r  mlp_bd_i/processing_system7_0/inst/buffer_fclk_clk_0.FCLK_CLK_0_BUFG/O
                         net (fo=23079, routed)       1.648     2.827    mlp_bd_i/mlp_axi_wrapper_0/inst/u_mlp_top/u_systolic/u_pe_arr/g_row[8].g_col[5].u_pe/S_AXI_ACLK
    SLICE_X40Y114        FDCE                                         r  mlp_bd_i/mlp_axi_wrapper_0/inst/u_mlp_top/u_systolic/u_pe_arr/g_row[8].g_col[5].u_pe/mul_reg_reg[6]/C

Slack:                    inf
  Source:                 rst_n
                            (input port)
  Destination:            mlp_bd_i/mlp_axi_wrapper_0/inst/u_mlp_top/u_systolic/u_pe_arr/g_row[8].g_col[5].u_pe/mul_reg_reg[7]/CLR
                            (recovery check against rising-edge clock clk_fpga_0  {rise@0.000ns fall@5.000ns period=10.000ns})
  Path Group:             (none)
  Path Type:              Recovery (Max at Slow Process Corner)
  Data Path Delay:        12.308ns  (logic 1.608ns (13.062%)  route 10.701ns (86.938%))
  Logic Levels:           2  (IBUF=1 LUT1=1)
  Clock Path Skew:        2.827ns (DCD - SCD + CPR)
    Destination Clock Delay (DCD):    2.827ns
    Source Clock Delay      (SCD):    0.000ns
    Clock Pessimism Removal (CPR):    0.000ns
  Clock Uncertainty:      0.152ns  ((TSJ^2 + TIJ^2)^1/2 + DJ) / 2 + PE
    Total System Jitter     (TSJ):    0.050ns
    Total Input Jitter      (TIJ):    0.300ns
    Discrete Jitter          (DJ):    0.000ns
    Phase Error              (PE):    0.000ns

    Location             Delay type                Incr(ns)  Path(ns)    Netlist Resource(s)
  -------------------------------------------------------------------    -------------------
    Y18                                               0.000     0.000 r  rst_n (IN)
                         net (fo=0)                   0.000     0.000    rst_n
    Y18                  IBUF (Prop_ibuf_I_O)         1.484     1.484 r  rst_n_IBUF_inst/O
                         net (fo=6, routed)           1.608     3.091    mlp_bd_i/mlp_axi_wrapper_0/inst/u_mlp_top/u_systolic/u_pe_arr/g_row[12].g_col[0].u_pe/i_PROC_RESET_n
    SLICE_X113Y19        LUT1 (Prop_lut1_I0_O)        0.124     3.215 f  mlp_bd_i/mlp_axi_wrapper_0/inst/u_mlp_top/u_systolic/u_pe_arr/g_row[12].g_col[0].u_pe/o_PROC_DONE_i_1/O
                         net (fo=18019, routed)       9.093    12.308    mlp_bd_i/mlp_axi_wrapper_0/inst/u_mlp_top/u_systolic/u_pe_arr/g_row[8].g_col[5].u_pe/mul_reg_reg[15]_3
    SLICE_X40Y114        FDCE                                         f  mlp_bd_i/mlp_axi_wrapper_0/inst/u_mlp_top/u_systolic/u_pe_arr/g_row[8].g_col[5].u_pe/mul_reg_reg[7]/CLR
  -------------------------------------------------------------------    -------------------

                         (clock clk_fpga_0 rise edge)
                                                      0.000     0.000 r  
    PS7_X0Y0             PS7                          0.000     0.000 r  mlp_bd_i/processing_system7_0/inst/PS7_i/FCLKCLK[0]
                         net (fo=1, routed)           1.088     1.088    mlp_bd_i/processing_system7_0/inst/FCLK_CLK_unbuffered[0]
    BUFGCTRL_X0Y16       BUFG (Prop_bufg_I_O)         0.091     1.179 r  mlp_bd_i/processing_system7_0/inst/buffer_fclk_clk_0.FCLK_CLK_0_BUFG/O
                         net (fo=23079, routed)       1.648     2.827    mlp_bd_i/mlp_axi_wrapper_0/inst/u_mlp_top/u_systolic/u_pe_arr/g_row[8].g_col[5].u_pe/S_AXI_ACLK
    SLICE_X40Y114        FDCE                                         r  mlp_bd_i/mlp_axi_wrapper_0/inst/u_mlp_top/u_systolic/u_pe_arr/g_row[8].g_col[5].u_pe/mul_reg_reg[7]/C

Slack:                    inf
  Source:                 rst_n
                            (input port)
  Destination:            mlp_bd_i/mlp_axi_wrapper_0/inst/u_mlp_top/u_systolic/u_pe_arr/g_row[8].g_col[5].u_pe/top_reg_reg[0]/CLR
                            (recovery check against rising-edge clock clk_fpga_0  {rise@0.000ns fall@5.000ns period=10.000ns})
  Path Group:             (none)
  Path Type:              Recovery (Max at Slow Process Corner)
  Data Path Delay:        12.297ns  (logic 1.608ns (13.074%)  route 10.689ns (86.926%))
  Logic Levels:           2  (IBUF=1 LUT1=1)
  Clock Path Skew:        2.828ns (DCD - SCD + CPR)
    Destination Clock Delay (DCD):    2.828ns
    Source Clock Delay      (SCD):    0.000ns
    Clock Pessimism Removal (CPR):    0.000ns
  Clock Uncertainty:      0.152ns  ((TSJ^2 + TIJ^2)^1/2 + DJ) / 2 + PE
    Total System Jitter     (TSJ):    0.050ns
    Total Input Jitter      (TIJ):    0.300ns
    Discrete Jitter          (DJ):    0.000ns
    Phase Error              (PE):    0.000ns

    Location             Delay type                Incr(ns)  Path(ns)    Netlist Resource(s)
  -------------------------------------------------------------------    -------------------
    Y18                                               0.000     0.000 r  rst_n (IN)
                         net (fo=0)                   0.000     0.000    rst_n
    Y18                  IBUF (Prop_ibuf_I_O)         1.484     1.484 r  rst_n_IBUF_inst/O
                         net (fo=6, routed)           1.608     3.091    mlp_bd_i/mlp_axi_wrapper_0/inst/u_mlp_top/u_systolic/u_pe_arr/g_row[12].g_col[0].u_pe/i_PROC_RESET_n
    SLICE_X113Y19        LUT1 (Prop_lut1_I0_O)        0.124     3.215 f  mlp_bd_i/mlp_axi_wrapper_0/inst/u_mlp_top/u_systolic/u_pe_arr/g_row[12].g_col[0].u_pe/o_PROC_DONE_i_1/O
                         net (fo=18019, routed)       9.081    12.297    mlp_bd_i/mlp_axi_wrapper_0/inst/u_mlp_top/u_systolic/u_pe_arr/g_row[8].g_col[5].u_pe/mul_reg_reg[15]_3
    SLICE_X36Y112        FDCE                                         f  mlp_bd_i/mlp_axi_wrapper_0/inst/u_mlp_top/u_systolic/u_pe_arr/g_row[8].g_col[5].u_pe/top_reg_reg[0]/CLR
  -------------------------------------------------------------------    -------------------

                         (clock clk_fpga_0 rise edge)
                                                      0.000     0.000 r  
    PS7_X0Y0             PS7                          0.000     0.000 r  mlp_bd_i/processing_system7_0/inst/PS7_i/FCLKCLK[0]
                         net (fo=1, routed)           1.088     1.088    mlp_bd_i/processing_system7_0/inst/FCLK_CLK_unbuffered[0]
    BUFGCTRL_X0Y16       BUFG (Prop_bufg_I_O)         0.091     1.179 r  mlp_bd_i/processing_system7_0/inst/buffer_fclk_clk_0.FCLK_CLK_0_BUFG/O
                         net (fo=23079, routed)       1.649     2.828    mlp_bd_i/mlp_axi_wrapper_0/inst/u_mlp_top/u_systolic/u_pe_arr/g_row[8].g_col[5].u_pe/S_AXI_ACLK
    SLICE_X36Y112        FDCE                                         r  mlp_bd_i/mlp_axi_wrapper_0/inst/u_mlp_top/u_systolic/u_pe_arr/g_row[8].g_col[5].u_pe/top_reg_reg[0]/C





Min Delay Paths
--------------------------------------------------------------------------------------
Slack:                    inf
  Source:                 rst_n
                            (input port)
  Destination:            mlp_bd_i/mlp_axi_wrapper_0/inst/u_mlp_top/u_systolic/u_pe_arr/g_row[13].g_col[14].u_pe/left_reg_reg[0]/CLR
                            (removal check against rising-edge clock clk_fpga_0  {rise@0.000ns fall@5.000ns period=10.000ns})
  Path Group:             (none)
  Path Type:              Removal (Min at Fast Process Corner)
  Data Path Delay:        1.202ns  (logic 0.296ns (24.655%)  route 0.906ns (75.345%))
  Logic Levels:           2  (IBUF=1 LUT1=1)
  Clock Path Skew:        1.268ns (DCD - SCD - CPR)
    Destination Clock Delay (DCD):    1.268ns
    Source Clock Delay      (SCD):    0.000ns
    Clock Pessimism Removal (CPR):    -0.000ns

    Location             Delay type                Incr(ns)  Path(ns)    Netlist Resource(s)
  -------------------------------------------------------------------    -------------------
    Y18                                               0.000     0.000 r  rst_n (IN)
                         net (fo=0)                   0.000     0.000    rst_n
    Y18                  IBUF (Prop_ibuf_I_O)         0.251     0.251 r  rst_n_IBUF_inst/O
                         net (fo=6, routed)           0.634     0.885    mlp_bd_i/mlp_axi_wrapper_0/inst/u_mlp_top/u_systolic/u_pe_arr/g_row[12].g_col[0].u_pe/i_PROC_RESET_n
    SLICE_X113Y19        LUT1 (Prop_lut1_I0_O)        0.045     0.930 f  mlp_bd_i/mlp_axi_wrapper_0/inst/u_mlp_top/u_systolic/u_pe_arr/g_row[12].g_col[0].u_pe/o_PROC_DONE_i_1/O
                         net (fo=18019, routed)       0.272     1.202    mlp_bd_i/mlp_axi_wrapper_0/inst/u_mlp_top/u_systolic/u_pe_arr/g_row[13].g_col[14].u_pe/acc_reg[31]_2
    SLICE_X106Y19        FDCE                                         f  mlp_bd_i/mlp_axi_wrapper_0/inst/u_mlp_top/u_systolic/u_pe_arr/g_row[13].g_col[14].u_pe/left_reg_reg[0]/CLR
  -------------------------------------------------------------------    -------------------

                         (clock clk_fpga_0 rise edge)
                                                      0.000     0.000 r  
    PS7_X0Y0             PS7                          0.000     0.000 r  mlp_bd_i/processing_system7_0/inst/PS7_i/FCLKCLK[0]
                         net (fo=1, routed)           0.337     0.337    mlp_bd_i/processing_system7_0/inst/FCLK_CLK_unbuffered[0]
    BUFGCTRL_X0Y16       BUFG (Prop_bufg_I_O)         0.029     0.366 r  mlp_bd_i/processing_system7_0/inst/buffer_fclk_clk_0.FCLK_CLK_0_BUFG/O
                         net (fo=23079, routed)       0.902     1.268    mlp_bd_i/mlp_axi_wrapper_0/inst/u_mlp_top/u_systolic/u_pe_arr/g_row[13].g_col[14].u_pe/S_AXI_ACLK
    SLICE_X106Y19        FDCE                                         r  mlp_bd_i/mlp_axi_wrapper_0/inst/u_mlp_top/u_systolic/u_pe_arr/g_row[13].g_col[14].u_pe/left_reg_reg[0]/C

Slack:                    inf
  Source:                 rst_n
                            (input port)
  Destination:            mlp_bd_i/mlp_axi_wrapper_0/inst/u_mlp_top/u_systolic/u_pe_arr/g_row[14].g_col[15].u_pe/left_reg_reg[0]/CLR
                            (removal check against rising-edge clock clk_fpga_0  {rise@0.000ns fall@5.000ns period=10.000ns})
  Path Group:             (none)
  Path Type:              Removal (Min at Fast Process Corner)
  Data Path Delay:        1.243ns  (logic 0.296ns (23.844%)  route 0.947ns (76.156%))
  Logic Levels:           2  (IBUF=1 LUT1=1)
  Clock Path Skew:        1.271ns (DCD - SCD - CPR)
    Destination Clock Delay (DCD):    1.271ns
    Source Clock Delay      (SCD):    0.000ns
    Clock Pessimism Removal (CPR):    -0.000ns

    Location             Delay type                Incr(ns)  Path(ns)    Netlist Resource(s)
  -------------------------------------------------------------------    -------------------
    Y18                                               0.000     0.000 r  rst_n (IN)
                         net (fo=0)                   0.000     0.000    rst_n
    Y18                  IBUF (Prop_ibuf_I_O)         0.251     0.251 r  rst_n_IBUF_inst/O
                         net (fo=6, routed)           0.634     0.885    mlp_bd_i/mlp_axi_wrapper_0/inst/u_mlp_top/u_systolic/u_pe_arr/g_row[12].g_col[0].u_pe/i_PROC_RESET_n
    SLICE_X113Y19        LUT1 (Prop_lut1_I0_O)        0.045     0.930 f  mlp_bd_i/mlp_axi_wrapper_0/inst/u_mlp_top/u_systolic/u_pe_arr/g_row[12].g_col[0].u_pe/o_PROC_DONE_i_1/O
                         net (fo=18019, routed)       0.313     1.243    mlp_bd_i/mlp_axi_wrapper_0/inst/u_mlp_top/u_systolic/u_pe_arr/g_row[14].g_col[15].u_pe/acc_reg[31]_1
    SLICE_X112Y17        FDCE                                         f  mlp_bd_i/mlp_axi_wrapper_0/inst/u_mlp_top/u_systolic/u_pe_arr/g_row[14].g_col[15].u_pe/left_reg_reg[0]/CLR
  -------------------------------------------------------------------    -------------------

                         (clock clk_fpga_0 rise edge)
                                                      0.000     0.000 r  
    PS7_X0Y0             PS7                          0.000     0.000 r  mlp_bd_i/processing_system7_0/inst/PS7_i/FCLKCLK[0]
                         net (fo=1, routed)           0.337     0.337    mlp_bd_i/processing_system7_0/inst/FCLK_CLK_unbuffered[0]
    BUFGCTRL_X0Y16       BUFG (Prop_bufg_I_O)         0.029     0.366 r  mlp_bd_i/processing_system7_0/inst/buffer_fclk_clk_0.FCLK_CLK_0_BUFG/O
                         net (fo=23079, routed)       0.905     1.271    mlp_bd_i/mlp_axi_wrapper_0/inst/u_mlp_top/u_systolic/u_pe_arr/g_row[14].g_col[15].u_pe/S_AXI_ACLK
    SLICE_X112Y17        FDCE                                         r  mlp_bd_i/mlp_axi_wrapper_0/inst/u_mlp_top/u_systolic/u_pe_arr/g_row[14].g_col[15].u_pe/left_reg_reg[0]/C

Slack:                    inf
  Source:                 rst_n
                            (input port)
  Destination:            mlp_bd_i/mlp_axi_wrapper_0/inst/u_mlp_top/u_systolic/u_pe_arr/g_row[12].g_col[14].u_pe/acc_reg[0]/CLR
                            (removal check against rising-edge clock clk_fpga_0  {rise@0.000ns fall@5.000ns period=10.000ns})
  Path Group:             (none)
  Path Type:              Removal (Min at Fast Process Corner)
  Data Path Delay:        1.308ns  (logic 0.296ns (22.655%)  route 1.012ns (77.345%))
  Logic Levels:           2  (IBUF=1 LUT1=1)
  Clock Path Skew:        1.269ns (DCD - SCD - CPR)
    Destination Clock Delay (DCD):    1.269ns
    Source Clock Delay      (SCD):    0.000ns
    Clock Pessimism Removal (CPR):    -0.000ns

    Location             Delay type                Incr(ns)  Path(ns)    Netlist Resource(s)
  -------------------------------------------------------------------    -------------------
    Y18                                               0.000     0.000 r  rst_n (IN)
                         net (fo=0)                   0.000     0.000    rst_n
    Y18                  IBUF (Prop_ibuf_I_O)         0.251     0.251 r  rst_n_IBUF_inst/O
                         net (fo=6, routed)           0.634     0.885    mlp_bd_i/mlp_axi_wrapper_0/inst/u_mlp_top/u_systolic/u_pe_arr/g_row[12].g_col[0].u_pe/i_PROC_RESET_n
    SLICE_X113Y19        LUT1 (Prop_lut1_I0_O)        0.045     0.930 f  mlp_bd_i/mlp_axi_wrapper_0/inst/u_mlp_top/u_systolic/u_pe_arr/g_row[12].g_col[0].u_pe/o_PROC_DONE_i_1/O
                         net (fo=18019, routed)       0.378     1.308    mlp_bd_i/mlp_axi_wrapper_0/inst/u_mlp_top/u_systolic/u_pe_arr/g_row[12].g_col[14].u_pe/acc_reg[31]_2
    SLICE_X109Y18        FDCE                                         f  mlp_bd_i/mlp_axi_wrapper_0/inst/u_mlp_top/u_systolic/u_pe_arr/g_row[12].g_col[14].u_pe/acc_reg[0]/CLR
  -------------------------------------------------------------------    -------------------

                         (clock clk_fpga_0 rise edge)
                                                      0.000     0.000 r  
    PS7_X0Y0             PS7                          0.000     0.000 r  mlp_bd_i/processing_system7_0/inst/PS7_i/FCLKCLK[0]
                         net (fo=1, routed)           0.337     0.337    mlp_bd_i/processing_system7_0/inst/FCLK_CLK_unbuffered[0]
    BUFGCTRL_X0Y16       BUFG (Prop_bufg_I_O)         0.029     0.366 r  mlp_bd_i/processing_system7_0/inst/buffer_fclk_clk_0.FCLK_CLK_0_BUFG/O
                         net (fo=23079, routed)       0.903     1.269    mlp_bd_i/mlp_axi_wrapper_0/inst/u_mlp_top/u_systolic/u_pe_arr/g_row[12].g_col[14].u_pe/S_AXI_ACLK
    SLICE_X109Y18        FDCE                                         r  mlp_bd_i/mlp_axi_wrapper_0/inst/u_mlp_top/u_systolic/u_pe_arr/g_row[12].g_col[14].u_pe/acc_reg[0]/C

Slack:                    inf
  Source:                 rst_n
                            (input port)
  Destination:            mlp_bd_i/mlp_axi_wrapper_0/inst/u_mlp_top/u_systolic/u_pe_arr/g_row[12].g_col[14].u_pe/acc_reg[1]/CLR
                            (removal check against rising-edge clock clk_fpga_0  {rise@0.000ns fall@5.000ns period=10.000ns})
  Path Group:             (none)
  Path Type:              Removal (Min at Fast Process Corner)
  Data Path Delay:        1.308ns  (logic 0.296ns (22.655%)  route 1.012ns (77.345%))
  Logic Levels:           2  (IBUF=1 LUT1=1)
  Clock Path Skew:        1.269ns (DCD - SCD - CPR)
    Destination Clock Delay (DCD):    1.269ns
    Source Clock Delay      (SCD):    0.000ns
    Clock Pessimism Removal (CPR):    -0.000ns

    Location             Delay type                Incr(ns)  Path(ns)    Netlist Resource(s)
  -------------------------------------------------------------------    -------------------
    Y18                                               0.000     0.000 r  rst_n (IN)
                         net (fo=0)                   0.000     0.000    rst_n
    Y18                  IBUF (Prop_ibuf_I_O)         0.251     0.251 r  rst_n_IBUF_inst/O
                         net (fo=6, routed)           0.634     0.885    mlp_bd_i/mlp_axi_wrapper_0/inst/u_mlp_top/u_systolic/u_pe_arr/g_row[12].g_col[0].u_pe/i_PROC_RESET_n
    SLICE_X113Y19        LUT1 (Prop_lut1_I0_O)        0.045     0.930 f  mlp_bd_i/mlp_axi_wrapper_0/inst/u_mlp_top/u_systolic/u_pe_arr/g_row[12].g_col[0].u_pe/o_PROC_DONE_i_1/O
                         net (fo=18019, routed)       0.378     1.308    mlp_bd_i/mlp_axi_wrapper_0/inst/u_mlp_top/u_systolic/u_pe_arr/g_row[12].g_col[14].u_pe/acc_reg[31]_2
    SLICE_X109Y18        FDCE                                         f  mlp_bd_i/mlp_axi_wrapper_0/inst/u_mlp_top/u_systolic/u_pe_arr/g_row[12].g_col[14].u_pe/acc_reg[1]/CLR
  -------------------------------------------------------------------    -------------------

                         (clock clk_fpga_0 rise edge)
                                                      0.000     0.000 r  
    PS7_X0Y0             PS7                          0.000     0.000 r  mlp_bd_i/processing_system7_0/inst/PS7_i/FCLKCLK[0]
                         net (fo=1, routed)           0.337     0.337    mlp_bd_i/processing_system7_0/inst/FCLK_CLK_unbuffered[0]
    BUFGCTRL_X0Y16       BUFG (Prop_bufg_I_O)         0.029     0.366 r  mlp_bd_i/processing_system7_0/inst/buffer_fclk_clk_0.FCLK_CLK_0_BUFG/O
                         net (fo=23079, routed)       0.903     1.269    mlp_bd_i/mlp_axi_wrapper_0/inst/u_mlp_top/u_systolic/u_pe_arr/g_row[12].g_col[14].u_pe/S_AXI_ACLK
    SLICE_X109Y18        FDCE                                         r  mlp_bd_i/mlp_axi_wrapper_0/inst/u_mlp_top/u_systolic/u_pe_arr/g_row[12].g_col[14].u_pe/acc_reg[1]/C

Slack:                    inf
  Source:                 rst_n
                            (input port)
  Destination:            mlp_bd_i/mlp_axi_wrapper_0/inst/u_mlp_top/u_systolic/u_pe_arr/g_row[12].g_col[14].u_pe/acc_reg[2]/CLR
                            (removal check against rising-edge clock clk_fpga_0  {rise@0.000ns fall@5.000ns period=10.000ns})
  Path Group:             (none)
  Path Type:              Removal (Min at Fast Process Corner)
  Data Path Delay:        1.308ns  (logic 0.296ns (22.655%)  route 1.012ns (77.345%))
  Logic Levels:           2  (IBUF=1 LUT1=1)
  Clock Path Skew:        1.269ns (DCD - SCD - CPR)
    Destination Clock Delay (DCD):    1.269ns
    Source Clock Delay      (SCD):    0.000ns
    Clock Pessimism Removal (CPR):    -0.000ns

    Location             Delay type                Incr(ns)  Path(ns)    Netlist Resource(s)
  -------------------------------------------------------------------    -------------------
    Y18                                               0.000     0.000 r  rst_n (IN)
                         net (fo=0)                   0.000     0.000    rst_n
    Y18                  IBUF (Prop_ibuf_I_O)         0.251     0.251 r  rst_n_IBUF_inst/O
                         net (fo=6, routed)           0.634     0.885    mlp_bd_i/mlp_axi_wrapper_0/inst/u_mlp_top/u_systolic/u_pe_arr/g_row[12].g_col[0].u_pe/i_PROC_RESET_n
    SLICE_X113Y19        LUT1 (Prop_lut1_I0_O)        0.045     0.930 f  mlp_bd_i/mlp_axi_wrapper_0/inst/u_mlp_top/u_systolic/u_pe_arr/g_row[12].g_col[0].u_pe/o_PROC_DONE_i_1/O
                         net (fo=18019, routed)       0.378     1.308    mlp_bd_i/mlp_axi_wrapper_0/inst/u_mlp_top/u_systolic/u_pe_arr/g_row[12].g_col[14].u_pe/acc_reg[31]_2
    SLICE_X109Y18        FDCE                                         f  mlp_bd_i/mlp_axi_wrapper_0/inst/u_mlp_top/u_systolic/u_pe_arr/g_row[12].g_col[14].u_pe/acc_reg[2]/CLR
  -------------------------------------------------------------------    -------------------

                         (clock clk_fpga_0 rise edge)
                                                      0.000     0.000 r  
    PS7_X0Y0             PS7                          0.000     0.000 r  mlp_bd_i/processing_system7_0/inst/PS7_i/FCLKCLK[0]
                         net (fo=1, routed)           0.337     0.337    mlp_bd_i/processing_system7_0/inst/FCLK_CLK_unbuffered[0]
    BUFGCTRL_X0Y16       BUFG (Prop_bufg_I_O)         0.029     0.366 r  mlp_bd_i/processing_system7_0/inst/buffer_fclk_clk_0.FCLK_CLK_0_BUFG/O
                         net (fo=23079, routed)       0.903     1.269    mlp_bd_i/mlp_axi_wrapper_0/inst/u_mlp_top/u_systolic/u_pe_arr/g_row[12].g_col[14].u_pe/S_AXI_ACLK
    SLICE_X109Y18        FDCE                                         r  mlp_bd_i/mlp_axi_wrapper_0/inst/u_mlp_top/u_systolic/u_pe_arr/g_row[12].g_col[14].u_pe/acc_reg[2]/C

Slack:                    inf
  Source:                 rst_n
                            (input port)
  Destination:            mlp_bd_i/mlp_axi_wrapper_0/inst/u_mlp_top/u_systolic/u_pe_arr/g_row[12].g_col[14].u_pe/acc_reg[3]/CLR
                            (removal check against rising-edge clock clk_fpga_0  {rise@0.000ns fall@5.000ns period=10.000ns})
  Path Group:             (none)
  Path Type:              Removal (Min at Fast Process Corner)
  Data Path Delay:        1.308ns  (logic 0.296ns (22.655%)  route 1.012ns (77.345%))
  Logic Levels:           2  (IBUF=1 LUT1=1)
  Clock Path Skew:        1.269ns (DCD - SCD - CPR)
    Destination Clock Delay (DCD):    1.269ns
    Source Clock Delay      (SCD):    0.000ns
    Clock Pessimism Removal (CPR):    -0.000ns

    Location             Delay type                Incr(ns)  Path(ns)    Netlist Resource(s)
  -------------------------------------------------------------------    -------------------
    Y18                                               0.000     0.000 r  rst_n (IN)
                         net (fo=0)                   0.000     0.000    rst_n
    Y18                  IBUF (Prop_ibuf_I_O)         0.251     0.251 r  rst_n_IBUF_inst/O
                         net (fo=6, routed)           0.634     0.885    mlp_bd_i/mlp_axi_wrapper_0/inst/u_mlp_top/u_systolic/u_pe_arr/g_row[12].g_col[0].u_pe/i_PROC_RESET_n
    SLICE_X113Y19        LUT1 (Prop_lut1_I0_O)        0.045     0.930 f  mlp_bd_i/mlp_axi_wrapper_0/inst/u_mlp_top/u_systolic/u_pe_arr/g_row[12].g_col[0].u_pe/o_PROC_DONE_i_1/O
                         net (fo=18019, routed)       0.378     1.308    mlp_bd_i/mlp_axi_wrapper_0/inst/u_mlp_top/u_systolic/u_pe_arr/g_row[12].g_col[14].u_pe/acc_reg[31]_2
    SLICE_X109Y18        FDCE                                         f  mlp_bd_i/mlp_axi_wrapper_0/inst/u_mlp_top/u_systolic/u_pe_arr/g_row[12].g_col[14].u_pe/acc_reg[3]/CLR
  -------------------------------------------------------------------    -------------------

                         (clock clk_fpga_0 rise edge)
                                                      0.000     0.000 r  
    PS7_X0Y0             PS7                          0.000     0.000 r  mlp_bd_i/processing_system7_0/inst/PS7_i/FCLKCLK[0]
                         net (fo=1, routed)           0.337     0.337    mlp_bd_i/processing_system7_0/inst/FCLK_CLK_unbuffered[0]
    BUFGCTRL_X0Y16       BUFG (Prop_bufg_I_O)         0.029     0.366 r  mlp_bd_i/processing_system7_0/inst/buffer_fclk_clk_0.FCLK_CLK_0_BUFG/O
                         net (fo=23079, routed)       0.903     1.269    mlp_bd_i/mlp_axi_wrapper_0/inst/u_mlp_top/u_systolic/u_pe_arr/g_row[12].g_col[14].u_pe/S_AXI_ACLK
    SLICE_X109Y18        FDCE                                         r  mlp_bd_i/mlp_axi_wrapper_0/inst/u_mlp_top/u_systolic/u_pe_arr/g_row[12].g_col[14].u_pe/acc_reg[3]/C

Slack:                    inf
  Source:                 rst_n
                            (input port)
  Destination:            mlp_bd_i/mlp_axi_wrapper_0/inst/u_mlp_top/u_systolic/u_pe_arr/g_row[15].g_col[15].u_pe/acc_reg[28]/CLR
                            (removal check against rising-edge clock clk_fpga_0  {rise@0.000ns fall@5.000ns period=10.000ns})
  Path Group:             (none)
  Path Type:              Removal (Min at Fast Process Corner)
  Data Path Delay:        1.308ns  (logic 0.296ns (22.655%)  route 1.012ns (77.345%))
  Logic Levels:           2  (IBUF=1 LUT1=1)
  Clock Path Skew:        1.269ns (DCD - SCD - CPR)
    Destination Clock Delay (DCD):    1.269ns
    Source Clock Delay      (SCD):    0.000ns
    Clock Pessimism Removal (CPR):    -0.000ns

    Location             Delay type                Incr(ns)  Path(ns)    Netlist Resource(s)
  -------------------------------------------------------------------    -------------------
    Y18                                               0.000     0.000 r  rst_n (IN)
                         net (fo=0)                   0.000     0.000    rst_n
    Y18                  IBUF (Prop_ibuf_I_O)         0.251     0.251 r  rst_n_IBUF_inst/O
                         net (fo=6, routed)           0.634     0.885    mlp_bd_i/mlp_axi_wrapper_0/inst/u_mlp_top/u_systolic/u_pe_arr/g_row[12].g_col[0].u_pe/i_PROC_RESET_n
    SLICE_X113Y19        LUT1 (Prop_lut1_I0_O)        0.045     0.930 f  mlp_bd_i/mlp_axi_wrapper_0/inst/u_mlp_top/u_systolic/u_pe_arr/g_row[12].g_col[0].u_pe/o_PROC_DONE_i_1/O
                         net (fo=18019, routed)       0.378     1.308    mlp_bd_i/mlp_axi_wrapper_0/inst/u_mlp_top/u_systolic/u_pe_arr/g_row[15].g_col[15].u_pe/acc_reg[31]_0
    SLICE_X108Y18        FDCE                                         f  mlp_bd_i/mlp_axi_wrapper_0/inst/u_mlp_top/u_systolic/u_pe_arr/g_row[15].g_col[15].u_pe/acc_reg[28]/CLR
  -------------------------------------------------------------------    -------------------

                         (clock clk_fpga_0 rise edge)
                                                      0.000     0.000 r  
    PS7_X0Y0             PS7                          0.000     0.000 r  mlp_bd_i/processing_system7_0/inst/PS7_i/FCLKCLK[0]
                         net (fo=1, routed)           0.337     0.337    mlp_bd_i/processing_system7_0/inst/FCLK_CLK_unbuffered[0]
    BUFGCTRL_X0Y16       BUFG (Prop_bufg_I_O)         0.029     0.366 r  mlp_bd_i/processing_system7_0/inst/buffer_fclk_clk_0.FCLK_CLK_0_BUFG/O
                         net (fo=23079, routed)       0.903     1.269    mlp_bd_i/mlp_axi_wrapper_0/inst/u_mlp_top/u_systolic/u_pe_arr/g_row[15].g_col[15].u_pe/S_AXI_ACLK
    SLICE_X108Y18        FDCE                                         r  mlp_bd_i/mlp_axi_wrapper_0/inst/u_mlp_top/u_systolic/u_pe_arr/g_row[15].g_col[15].u_pe/acc_reg[28]/C

Slack:                    inf
  Source:                 rst_n
                            (input port)
  Destination:            mlp_bd_i/mlp_axi_wrapper_0/inst/u_mlp_top/u_systolic/u_pe_arr/g_row[15].g_col[15].u_pe/acc_reg[29]/CLR
                            (removal check against rising-edge clock clk_fpga_0  {rise@0.000ns fall@5.000ns period=10.000ns})
  Path Group:             (none)
  Path Type:              Removal (Min at Fast Process Corner)
  Data Path Delay:        1.308ns  (logic 0.296ns (22.655%)  route 1.012ns (77.345%))
  Logic Levels:           2  (IBUF=1 LUT1=1)
  Clock Path Skew:        1.269ns (DCD - SCD - CPR)
    Destination Clock Delay (DCD):    1.269ns
    Source Clock Delay      (SCD):    0.000ns
    Clock Pessimism Removal (CPR):    -0.000ns

    Location             Delay type                Incr(ns)  Path(ns)    Netlist Resource(s)
  -------------------------------------------------------------------    -------------------
    Y18                                               0.000     0.000 r  rst_n (IN)
                         net (fo=0)                   0.000     0.000    rst_n
    Y18                  IBUF (Prop_ibuf_I_O)         0.251     0.251 r  rst_n_IBUF_inst/O
                         net (fo=6, routed)           0.634     0.885    mlp_bd_i/mlp_axi_wrapper_0/inst/u_mlp_top/u_systolic/u_pe_arr/g_row[12].g_col[0].u_pe/i_PROC_RESET_n
    SLICE_X113Y19        LUT1 (Prop_lut1_I0_O)        0.045     0.930 f  mlp_bd_i/mlp_axi_wrapper_0/inst/u_mlp_top/u_systolic/u_pe_arr/g_row[12].g_col[0].u_pe/o_PROC_DONE_i_1/O
                         net (fo=18019, routed)       0.378     1.308    mlp_bd_i/mlp_axi_wrapper_0/inst/u_mlp_top/u_systolic/u_pe_arr/g_row[15].g_col[15].u_pe/acc_reg[31]_0
    SLICE_X108Y18        FDCE                                         f  mlp_bd_i/mlp_axi_wrapper_0/inst/u_mlp_top/u_systolic/u_pe_arr/g_row[15].g_col[15].u_pe/acc_reg[29]/CLR
  -------------------------------------------------------------------    -------------------

                         (clock clk_fpga_0 rise edge)
                                                      0.000     0.000 r  
    PS7_X0Y0             PS7                          0.000     0.000 r  mlp_bd_i/processing_system7_0/inst/PS7_i/FCLKCLK[0]
                         net (fo=1, routed)           0.337     0.337    mlp_bd_i/processing_system7_0/inst/FCLK_CLK_unbuffered[0]
    BUFGCTRL_X0Y16       BUFG (Prop_bufg_I_O)         0.029     0.366 r  mlp_bd_i/processing_system7_0/inst/buffer_fclk_clk_0.FCLK_CLK_0_BUFG/O
                         net (fo=23079, routed)       0.903     1.269    mlp_bd_i/mlp_axi_wrapper_0/inst/u_mlp_top/u_systolic/u_pe_arr/g_row[15].g_col[15].u_pe/S_AXI_ACLK
    SLICE_X108Y18        FDCE                                         r  mlp_bd_i/mlp_axi_wrapper_0/inst/u_mlp_top/u_systolic/u_pe_arr/g_row[15].g_col[15].u_pe/acc_reg[29]/C

Slack:                    inf
  Source:                 rst_n
                            (input port)
  Destination:            mlp_bd_i/mlp_axi_wrapper_0/inst/u_mlp_top/u_systolic/u_pe_arr/g_row[15].g_col[15].u_pe/acc_reg[30]/CLR
                            (removal check against rising-edge clock clk_fpga_0  {rise@0.000ns fall@5.000ns period=10.000ns})
  Path Group:             (none)
  Path Type:              Removal (Min at Fast Process Corner)
  Data Path Delay:        1.308ns  (logic 0.296ns (22.655%)  route 1.012ns (77.345%))
  Logic Levels:           2  (IBUF=1 LUT1=1)
  Clock Path Skew:        1.269ns (DCD - SCD - CPR)
    Destination Clock Delay (DCD):    1.269ns
    Source Clock Delay      (SCD):    0.000ns
    Clock Pessimism Removal (CPR):    -0.000ns

    Location             Delay type                Incr(ns)  Path(ns)    Netlist Resource(s)
  -------------------------------------------------------------------    -------------------
    Y18                                               0.000     0.000 r  rst_n (IN)
                         net (fo=0)                   0.000     0.000    rst_n
    Y18                  IBUF (Prop_ibuf_I_O)         0.251     0.251 r  rst_n_IBUF_inst/O
                         net (fo=6, routed)           0.634     0.885    mlp_bd_i/mlp_axi_wrapper_0/inst/u_mlp_top/u_systolic/u_pe_arr/g_row[12].g_col[0].u_pe/i_PROC_RESET_n
    SLICE_X113Y19        LUT1 (Prop_lut1_I0_O)        0.045     0.930 f  mlp_bd_i/mlp_axi_wrapper_0/inst/u_mlp_top/u_systolic/u_pe_arr/g_row[12].g_col[0].u_pe/o_PROC_DONE_i_1/O
                         net (fo=18019, routed)       0.378     1.308    mlp_bd_i/mlp_axi_wrapper_0/inst/u_mlp_top/u_systolic/u_pe_arr/g_row[15].g_col[15].u_pe/acc_reg[31]_0
    SLICE_X108Y18        FDCE                                         f  mlp_bd_i/mlp_axi_wrapper_0/inst/u_mlp_top/u_systolic/u_pe_arr/g_row[15].g_col[15].u_pe/acc_reg[30]/CLR
  -------------------------------------------------------------------    -------------------

                         (clock clk_fpga_0 rise edge)
                                                      0.000     0.000 r  
    PS7_X0Y0             PS7                          0.000     0.000 r  mlp_bd_i/processing_system7_0/inst/PS7_i/FCLKCLK[0]
                         net (fo=1, routed)           0.337     0.337    mlp_bd_i/processing_system7_0/inst/FCLK_CLK_unbuffered[0]
    BUFGCTRL_X0Y16       BUFG (Prop_bufg_I_O)         0.029     0.366 r  mlp_bd_i/processing_system7_0/inst/buffer_fclk_clk_0.FCLK_CLK_0_BUFG/O
                         net (fo=23079, routed)       0.903     1.269    mlp_bd_i/mlp_axi_wrapper_0/inst/u_mlp_top/u_systolic/u_pe_arr/g_row[15].g_col[15].u_pe/S_AXI_ACLK
    SLICE_X108Y18        FDCE                                         r  mlp_bd_i/mlp_axi_wrapper_0/inst/u_mlp_top/u_systolic/u_pe_arr/g_row[15].g_col[15].u_pe/acc_reg[30]/C

Slack:                    inf
  Source:                 rst_n
                            (input port)
  Destination:            mlp_bd_i/mlp_axi_wrapper_0/inst/u_mlp_top/u_systolic/u_pe_arr/g_row[15].g_col[15].u_pe/acc_reg[31]/CLR
                            (removal check against rising-edge clock clk_fpga_0  {rise@0.000ns fall@5.000ns period=10.000ns})
  Path Group:             (none)
  Path Type:              Removal (Min at Fast Process Corner)
  Data Path Delay:        1.308ns  (logic 0.296ns (22.655%)  route 1.012ns (77.345%))
  Logic Levels:           2  (IBUF=1 LUT1=1)
  Clock Path Skew:        1.269ns (DCD - SCD - CPR)
    Destination Clock Delay (DCD):    1.269ns
    Source Clock Delay      (SCD):    0.000ns
    Clock Pessimism Removal (CPR):    -0.000ns

    Location             Delay type                Incr(ns)  Path(ns)    Netlist Resource(s)
  -------------------------------------------------------------------    -------------------
    Y18                                               0.000     0.000 r  rst_n (IN)
                         net (fo=0)                   0.000     0.000    rst_n
    Y18                  IBUF (Prop_ibuf_I_O)         0.251     0.251 r  rst_n_IBUF_inst/O
                         net (fo=6, routed)           0.634     0.885    mlp_bd_i/mlp_axi_wrapper_0/inst/u_mlp_top/u_systolic/u_pe_arr/g_row[12].g_col[0].u_pe/i_PROC_RESET_n
    SLICE_X113Y19        LUT1 (Prop_lut1_I0_O)        0.045     0.930 f  mlp_bd_i/mlp_axi_wrapper_0/inst/u_mlp_top/u_systolic/u_pe_arr/g_row[12].g_col[0].u_pe/o_PROC_DONE_i_1/O
                         net (fo=18019, routed)       0.378     1.308    mlp_bd_i/mlp_axi_wrapper_0/inst/u_mlp_top/u_systolic/u_pe_arr/g_row[15].g_col[15].u_pe/acc_reg[31]_0
    SLICE_X108Y18        FDCE                                         f  mlp_bd_i/mlp_axi_wrapper_0/inst/u_mlp_top/u_systolic/u_pe_arr/g_row[15].g_col[15].u_pe/acc_reg[31]/CLR
  -------------------------------------------------------------------    -------------------

                         (clock clk_fpga_0 rise edge)
                                                      0.000     0.000 r  
    PS7_X0Y0             PS7                          0.000     0.000 r  mlp_bd_i/processing_system7_0/inst/PS7_i/FCLKCLK[0]
                         net (fo=1, routed)           0.337     0.337    mlp_bd_i/processing_system7_0/inst/FCLK_CLK_unbuffered[0]
    BUFGCTRL_X0Y16       BUFG (Prop_bufg_I_O)         0.029     0.366 r  mlp_bd_i/processing_system7_0/inst/buffer_fclk_clk_0.FCLK_CLK_0_BUFG/O
                         net (fo=23079, routed)       0.903     1.269    mlp_bd_i/mlp_axi_wrapper_0/inst/u_mlp_top/u_systolic/u_pe_arr/g_row[15].g_col[15].u_pe/S_AXI_ACLK
    SLICE_X108Y18        FDCE                                         r  mlp_bd_i/mlp_axi_wrapper_0/inst/u_mlp_top/u_systolic/u_pe_arr/g_row[15].g_col[15].u_pe/acc_reg[31]/C





